<?xml version='1.0' encoding='UTF-8' standalone='yes' ?>
<data version="1.37.0">
  <condition type="flow_enabled">
    <useDefaultName>true</useDefaultName>
    <name>Flow Enabled: A Quick Settings Tile 3</name>
    <flowName>A Quick Settings Tile 3</flowName>
  </condition>
  <condition type="flow_enabled">
    <useDefaultName>true</useDefaultName>
    <name>Flow Enabled: com.PHANToM.Activity_Main_Menu</name>
    <flowName>com.PHANToM.Activity_Main_Menu</flowName>
  </condition>
  <condition type="flow_enabled">
    <useDefaultName>true</useDefaultName>
    <name>Flow Enabled: com.PHANToM.MISC.activity/Login</name>
    <flowName>com.PHANToM.MISC.activity/Login</flowName>
  </condition>
  <condition type="flow_enabled">
    <useDefaultName>true</useDefaultName>
    <name>Flow Enabled: com.PHANToM.MISC.activity/OC1</name>
    <flowName>com.PHANToM.MISC.activity/OC1</flowName>
  </condition>
  <condition type="flow_enabled">
    <useDefaultName>true</useDefaultName>
    <name>Flow Enabled: com.PHANToM.MISC.activity/OC2</name>
    <flowName>com.PHANToM.MISC.activity/OC2</flowName>
  </condition>
  <condition type="flow_enabled">
    <useDefaultName>true</useDefaultName>
    <name>Flow Enabled: com.PHANToM.MISC.activity/PopUp</name>
    <flowName>com.PHANToM.MISC.activity/PopUp</flowName>
  </condition>
  <condition type="flow_enabled">
    <useDefaultName>true</useDefaultName>
    <name>Flow Enabled: com.PHANToM.Send_TextActivity/Controller</name>
    <flowName>com.PHANToM.Send_TextActivity/Controller</flowName>
  </condition>
  <condition type="flow_enabled">
    <useDefaultName>true</useDefaultName>
    <name>Flow Enabled: com.PHANToM.Send_TextActivity/Controller_1</name>
    <flowName>com.PHANToM.Send_TextActivity/Controller_1</flowName>
  </condition>
  <condition type="flow_enabled">
    <useDefaultName>true</useDefaultName>
    <name>Flow Enabled: com.PHANToM.Send_TextActivity/Processor</name>
    <flowName>com.PHANToM.Send_TextActivity/Processor</flowName>
  </condition>
  <condition type="flow_enabled">
    <useDefaultName>true</useDefaultName>
    <name>Flow Enabled: com.PHANToM.Send_TextActivity/Processor_1</name>
    <flowName>com.PHANToM.Send_TextActivity/Processor_1</flowName>
  </condition>
  <condition type="flow_enabled">
    <useDefaultName>true</useDefaultName>
    <name>Flow Enabled: com.PHANToM.Send_TextActivity/Trigger</name>
    <flowName>com.PHANToM.Send_TextActivity/Trigger</flowName>
  </condition>
  <condition type="flow_enabled">
    <useDefaultName>true</useDefaultName>
    <name>Flow Enabled: com.PHANToM.Send_TextActivity/Trigger_1</name>
    <flowName>com.PHANToM.Send_TextActivity/Trigger_1</flowName>
  </condition>
  <condition type="flow_enabled">
    <useDefaultName>true</useDefaultName>
    <name>Flow Enabled: com.PHANToM.SoundActivity/Check1</name>
    <flowName>com.PHANToM.SoundActivity/Check1</flowName>
  </condition>
  <condition type="flow_enabled">
    <useDefaultName>true</useDefaultName>
    <name>Flow Enabled: com.PHANToM.SoundActivity/Check2</name>
    <flowName>com.PHANToM.SoundActivity/Check2</flowName>
  </condition>
  <condition type="flow_enabled">
    <useDefaultName>true</useDefaultName>
    <name>Flow Enabled: com.PHANToM.SoundActivity/Check3</name>
    <flowName>com.PHANToM.SoundActivity/Check3</flowName>
  </condition>
  <condition type="flow_enabled">
    <useDefaultName>true</useDefaultName>
    <name>Flow Enabled: com.PHANToM.SoundActivity/Notification</name>
    <flowName>com.PHANToM.SoundActivity/Notification</flowName>
  </condition>
  <action type="delete_flows">
    <useDefaultName>true</useDefaultName>
    <name>Delete Flows: A Quick Settings Tile 3</name>
    <flowNameList>A Quick Settings Tile 3</flowNameList>
    <deleteUnusedObjects>false</deleteUnusedObjects>
  </action>
  <action type="delete_flows">
    <useDefaultName>true</useDefaultName>
    <name>Delete Flows: com.PHANToM.Activity_Main_Menu</name>
    <flowNameList>com.PHANToM.Activity_Main_Menu</flowNameList>
    <deleteUnusedObjects>false</deleteUnusedObjects>
  </action>
  <action type="delete_flows">
    <useDefaultName>true</useDefaultName>
    <name>Delete Flows: com.PHANToM.MISC.activity/OC1</name>
    <flowNameList>com.PHANToM.MISC.activity/OC1</flowNameList>
    <deleteUnusedObjects>false</deleteUnusedObjects>
  </action>
  <action type="delete_flows">
    <useDefaultName>true</useDefaultName>
    <name>Delete Flows: com.PHANToM.MISC.activity/OC2</name>
    <flowNameList>com.PHANToM.MISC.activity/OC2</flowNameList>
    <deleteUnusedObjects>false</deleteUnusedObjects>
  </action>
  <action type="delete_flows">
    <useDefaultName>true</useDefaultName>
    <name>Delete Flows: com.PHANToM.MISC.activity/PopUp</name>
    <flowNameList>com.PHANToM.MISC.activity/PopUp</flowNameList>
    <deleteUnusedObjects>false</deleteUnusedObjects>
  </action>
  <action type="delete_flows">
    <useDefaultName>true</useDefaultName>
    <name>Delete Flows: com.PHANToM.Send_TextActivity/Controller</name>
    <flowNameList>com.PHANToM.Send_TextActivity/Controller</flowNameList>
    <deleteUnusedObjects>false</deleteUnusedObjects>
  </action>
  <action type="delete_flows">
    <useDefaultName>true</useDefaultName>
    <name>Delete Flows: com.PHANToM.Send_TextActivity/Controller_1</name>
    <flowNameList>com.PHANToM.Send_TextActivity/Controller_1</flowNameList>
    <deleteUnusedObjects>false</deleteUnusedObjects>
  </action>
  <action type="delete_flows">
    <useDefaultName>true</useDefaultName>
    <name>Delete Flows: com.PHANToM.Send_TextActivity/Processor</name>
    <flowNameList>com.PHANToM.Send_TextActivity/Processor</flowNameList>
    <deleteUnusedObjects>false</deleteUnusedObjects>
  </action>
  <action type="delete_flows">
    <useDefaultName>true</useDefaultName>
    <name>Delete Flows: com.PHANToM.Send_TextActivity/Processor_1</name>
    <flowNameList>com.PHANToM.Send_TextActivity/Processor_1</flowNameList>
    <deleteUnusedObjects>false</deleteUnusedObjects>
  </action>
  <action type="delete_flows">
    <useDefaultName>true</useDefaultName>
    <name>Delete Flows: com.PHANToM.Send_TextActivity/Trigger</name>
    <flowNameList>com.PHANToM.Send_TextActivity/Trigger</flowNameList>
    <deleteUnusedObjects>false</deleteUnusedObjects>
  </action>
  <action type="delete_flows">
    <useDefaultName>true</useDefaultName>
    <name>Delete Flows: com.PHANToM.Send_TextActivity/Trigger_1</name>
    <flowNameList>com.PHANToM.Send_TextActivity/Trigger_1</flowNameList>
    <deleteUnusedObjects>false</deleteUnusedObjects>
  </action>
  <action type="delete_flows">
    <useDefaultName>true</useDefaultName>
    <name>Delete Flows: com.PHANToM.SoundActivity/Check1</name>
    <flowNameList>com.PHANToM.SoundActivity/Check1</flowNameList>
    <deleteUnusedObjects>false</deleteUnusedObjects>
  </action>
  <action type="delete_flows">
    <useDefaultName>true</useDefaultName>
    <name>Delete Flows: com.PHANToM.SoundActivity/Check2</name>
    <flowNameList>com.PHANToM.SoundActivity/Check2</flowNameList>
    <deleteUnusedObjects>false</deleteUnusedObjects>
  </action>
  <action type="delete_flows">
    <useDefaultName>true</useDefaultName>
    <name>Delete Flows: com.PHANToM.SoundActivity/Check3</name>
    <flowNameList>com.PHANToM.SoundActivity/Check3</flowNameList>
    <deleteUnusedObjects>false</deleteUnusedObjects>
  </action>
  <action type="delete_flows">
    <useDefaultName>true</useDefaultName>
    <name>Delete Flows: com.PHANToM.SoundActivity/Notification</name>
    <flowNameList>com.PHANToM.SoundActivity/Notification</flowNameList>
    <deleteUnusedObjects>false</deleteUnusedObjects>
  </action>
  <action type="delete_flows">
    <useDefaultName>true</useDefaultName>
    <name>Delete Flows: PHANToM RBH Project Installer</name>
    <flowNameList>PHANToM RBH Project Installer</flowNameList>
    <deleteUnusedObjects>false</deleteUnusedObjects>
  </action>
  <action type="message_dialog">
    <useDefaultName>true</useDefaultName>
    <name>Message Dialog: Error Source ไฟล์เสียหาย</name>
    <title>Error Source</title>
    <message>ไฟล์เสียหาย </message>
    <buttonLabel></buttonLabel>
    <timeoutEnabled>false</timeoutEnabled>
    <timeout>60000</timeout>
  </action>
  <flow type="flow">
    <name>com.PHANToM.Verification.RBH_Project</name>
    <description>PHANToM</description>
    <group>PHANToM RBH Project Stable v.5</group>
    <enabled>false</enabled>
    <executionPolicy>PARALLEL</executionPolicy>
    <triggercontainer id="t1" x="560.0" y="3342.5" />
    <actioncontainer id="t2" x="560.0" y="3342.5">Message Dialog: Error Source ไฟล์เสียหาย</actioncontainer>
    <conditioncontainer id="t3" x="560.0" y="3342.5">Flow Enabled: com.PHANToM.Send_TextActivity/Controller_1</conditioncontainer>
    <conditioncontainer id="t4" x="560.0" y="3342.5">Flow Enabled: com.PHANToM.Send_TextActivity/Trigger_1</conditioncontainer>
    <conditioncontainer id="t5" x="560.0" y="3342.5">Flow Enabled: com.PHANToM.SoundActivity/Check2</conditioncontainer>
    <conditioncontainer id="t6" x="560.0" y="3342.5">Flow Enabled: com.PHANToM.Send_TextActivity/Processor</conditioncontainer>
    <conditioncontainer id="t7" x="560.0" y="3342.5">Flow Enabled: com.PHANToM.SoundActivity/Notification</conditioncontainer>
    <actioncontainer id="t8" x="560.0" y="3342.5">Delete Flows: com.PHANToM.SoundActivity/Check1</actioncontainer>
    <actioncontainer id="t9" x="560.0" y="3342.5">Delete Flows: com.PHANToM.SoundActivity/Check2</actioncontainer>
    <actioncontainer id="t10" x="560.0" y="3342.5">Delete Flows: com.PHANToM.MISC.activity/OC2</actioncontainer>
    <actioncontainer id="t11" x="560.0" y="3342.5">Delete Flows: com.PHANToM.Activity_Main_Menu</actioncontainer>
    <actioncontainer id="t12" x="560.0" y="3342.5">Delete Flows: com.PHANToM.MISC.activity/PopUp</actioncontainer>
    <actioncontainer id="t13" x="560.0" y="3342.5">Delete Flows: com.PHANToM.SoundActivity/Notification</actioncontainer>
    <actioncontainer id="t14" x="560.0" y="3342.5">Delete Flows: com.PHANToM.Send_TextActivity/Controller</actioncontainer>
    <conditioncontainer id="t15" x="560.0" y="3342.5">Flow Enabled: com.PHANToM.MISC.activity/Login</conditioncontainer>
    <conditioncontainer id="t16" x="560.0" y="3342.5">Flow Enabled: com.PHANToM.SoundActivity/Check3</conditioncontainer>
    <actioncontainer id="t17" x="560.0" y="3342.5">Delete Flows: com.PHANToM.Send_TextActivity/Processor</actioncontainer>
    <actioncontainer id="t18" x="560.0" y="3342.5">Delete Flows: PHANToM RBH Project Installer</actioncontainer>
    <actioncontainer id="t19" x="560.0" y="3342.5">Delete Flows: com.PHANToM.Send_TextActivity/Controller_1</actioncontainer>
    <conditioncontainer id="t20" x="490.0" y="3587.5">Flow Enabled: com.PHANToM.MISC.activity/OC1</conditioncontainer>
    <conditioncontainer id="t21" x="560.0" y="3657.5">Flow Enabled: com.PHANToM.MISC.activity/PopUp</conditioncontainer>
    <conditioncontainer id="t22" x="420.0" y="3657.5">Flow Enabled: A Quick Settings Tile 3</conditioncontainer>
    <conditioncontainer id="t23" x="630.0" y="3727.5">Flow Enabled: com.PHANToM.SoundActivity/Check3</conditioncontainer>
    <actioncontainer id="t24" x="560.0" y="3342.5">Delete Flows: com.PHANToM.Send_TextActivity/Processor_1</actioncontainer>
    <actioncontainer id="t25" x="560.0" y="3342.5">Delete Flows: com.PHANToM.Send_TextActivity/Trigger</actioncontainer>
    <actioncontainer id="t26" x="560.0" y="3342.5">Delete Flows: com.PHANToM.SoundActivity/Check3</actioncontainer>
    <actioncontainer id="t27" x="560.0" y="3342.5">Delete Flows: com.PHANToM.SoundActivity/Check3</actioncontainer>
    <actioncontainer id="t28" x="560.0" y="3342.5">Delete Flows: A Quick Settings Tile 3</actioncontainer>
    <conditioncontainer id="t29" x="700.0" y="3657.5">Flow Enabled: com.PHANToM.Activity_Main_Menu</conditioncontainer>
    <conditioncontainer id="t30" x="560.0" y="3342.5">Flow Enabled: com.PHANToM.Send_TextActivity/Processor_1</conditioncontainer>
    <conditioncontainer id="t31" x="560.0" y="3342.5">Flow Enabled: com.PHANToM.Send_TextActivity/Controller</conditioncontainer>
    <actioncontainer id="t32" x="560.0" y="3342.5">Delete Flows: com.PHANToM.MISC.activity/OC1</actioncontainer>
    <actioncontainer id="t33" x="560.0" y="3342.5">Delete Flows: com.PHANToM.Send_TextActivity/Trigger_1</actioncontainer>
    <conditioncontainer id="t34" x="630.0" y="3587.5">Flow Enabled: com.PHANToM.SoundActivity/Check1</conditioncontainer>
    <conditioncontainer id="t35" x="560.0" y="3797.5">Flow Enabled: com.PHANToM.Send_TextActivity/Trigger</conditioncontainer>
    <conditioncontainer id="t36" x="490.0" y="3727.5">Flow Enabled: com.PHANToM.MISC.activity/OC2</conditioncontainer>
    <connection from="t1" to="t22" type="NORMAL" sourcePosition="SOUTH" targetPosition="EAST" />
    <connection from="t2" to="t28" type="NORMAL" sourcePosition="SOUTH" targetPosition="NORTH" />
    <connection from="t3" to="t6" type="TRUE" sourcePosition="SOUTH" targetPosition="NORTH" />
    <connection from="t3" to="t6" type="FALSE" sourcePosition="SOUTH" targetPosition="NORTH" />
    <connection from="t3" to="t2" type="EXCEPTION" sourcePosition="EAST" targetPosition="NORTH" />
    <connection from="t4" to="t34" type="TRUE" sourcePosition="SOUTH" targetPosition="WEST" />
    <connection from="t4" to="t34" type="FALSE" sourcePosition="SOUTH" targetPosition="WEST" />
    <connection from="t4" to="t2" type="EXCEPTION" sourcePosition="EAST" targetPosition="WEST" />
    <connection from="t5" to="t7" type="TRUE" sourcePosition="SOUTH" targetPosition="NORTH" />
    <connection from="t5" to="t7" type="FALSE" sourcePosition="SOUTH" targetPosition="NORTH" />
    <connection from="t5" to="t2" type="EXCEPTION" sourcePosition="EAST" targetPosition="NORTH" />
    <connection from="t6" to="t30" type="TRUE" sourcePosition="SOUTH" targetPosition="WEST" />
    <connection from="t6" to="t30" type="FALSE" sourcePosition="SOUTH" targetPosition="SOUTH" />
    <connection from="t6" to="t2" type="EXCEPTION" sourcePosition="EAST" targetPosition="WEST" />
    <connection from="t7" to="t23" type="TRUE" sourcePosition="SOUTH" targetPosition="WEST" />
    <connection from="t7" to="t23" type="FALSE" sourcePosition="SOUTH" targetPosition="WEST" />
    <connection from="t7" to="t2" type="EXCEPTION" sourcePosition="EAST" targetPosition="NORTH" />
    <connection from="t8" to="t9" type="EXCEPTION" sourcePosition="SOUTH" targetPosition="NORTH" />
    <connection from="t8" to="t9" type="NORMAL" sourcePosition="SOUTH" targetPosition="NORTH" />
    <connection from="t9" to="t13" type="EXCEPTION" sourcePosition="SOUTH" targetPosition="NORTH" />
    <connection from="t9" to="t13" type="NORMAL" sourcePosition="SOUTH" targetPosition="NORTH" />
    <connection from="t10" to="t12" type="EXCEPTION" sourcePosition="EAST" targetPosition="NORTH" />
    <connection from="t10" to="t12" type="NORMAL" sourcePosition="WEST" targetPosition="WEST" />
    <connection from="t11" to="t26" type="EXCEPTION" sourcePosition="EAST" targetPosition="NORTH" />
    <connection from="t11" to="t26" type="NORMAL" sourcePosition="SOUTH" targetPosition="WEST" />
    <connection from="t12" to="t14" type="EXCEPTION" sourcePosition="WEST" targetPosition="EAST" />
    <connection from="t12" to="t14" type="NORMAL" sourcePosition="EAST" targetPosition="WEST" />
    <connection from="t13" to="t18" type="EXCEPTION" sourcePosition="SOUTH" targetPosition="NORTH" />
    <connection from="t13" to="t18" type="NORMAL" sourcePosition="SOUTH" targetPosition="NORTH" />
    <connection from="t14" to="t19" type="EXCEPTION" sourcePosition="SOUTH" targetPosition="NORTH" />
    <connection from="t14" to="t19" type="NORMAL" sourcePosition="SOUTH" targetPosition="NORTH" />
    <connection from="t15" to="t20" type="TRUE" sourcePosition="SOUTH" targetPosition="EAST" />
    <connection from="t15" to="t20" type="FALSE" sourcePosition="SOUTH" targetPosition="EAST" />
    <connection from="t15" to="t2" type="EXCEPTION" sourcePosition="SOUTH" targetPosition="NORTH" />
    <connection from="t16" to="t2" type="EXCEPTION" sourcePosition="SOUTH" targetPosition="NORTH" />
    <connection from="t17" to="t24" type="EXCEPTION" sourcePosition="SOUTH" targetPosition="NORTH" />
    <connection from="t17" to="t24" type="NORMAL" sourcePosition="SOUTH" targetPosition="NORTH" />
    <connection from="t18" to="t27" type="EXCEPTION" sourcePosition="SOUTH" targetPosition="NORTH" />
    <connection from="t18" to="t27" type="NORMAL" sourcePosition="SOUTH" targetPosition="NORTH" />
    <connection from="t19" to="t17" type="EXCEPTION" sourcePosition="SOUTH" targetPosition="NORTH" />
    <connection from="t19" to="t17" type="NORMAL" sourcePosition="SOUTH" targetPosition="NORTH" />
    <connection from="t20" to="t36" type="TRUE" sourcePosition="SOUTH" targetPosition="NORTH" />
    <connection from="t20" to="t36" type="FALSE" sourcePosition="SOUTH" targetPosition="NORTH" />
    <connection from="t20" to="t2" type="EXCEPTION" sourcePosition="EAST" targetPosition="SOUTH" />
    <connection from="t21" to="t31" type="TRUE" sourcePosition="NORTH" targetPosition="SOUTH" />
    <connection from="t21" to="t31" type="FALSE" sourcePosition="NORTH" targetPosition="SOUTH" />
    <connection from="t21" to="t2" type="EXCEPTION" sourcePosition="NORTH" targetPosition="SOUTH" />
    <connection from="t22" to="t29" type="TRUE" sourcePosition="EAST" targetPosition="WEST" />
    <connection from="t22" to="t29" type="FALSE" sourcePosition="EAST" targetPosition="WEST" />
    <connection from="t22" to="t2" type="EXCEPTION" sourcePosition="EAST" targetPosition="SOUTH" />
    <connection from="t23" to="t16" type="TRUE" sourcePosition="WEST" targetPosition="SOUTH" />
    <connection from="t23" to="t16" type="FALSE" sourcePosition="WEST" targetPosition="SOUTH" />
    <connection from="t23" to="t2" type="EXCEPTION" sourcePosition="WEST" targetPosition="SOUTH" />
    <connection from="t24" to="t25" type="EXCEPTION" sourcePosition="SOUTH" targetPosition="NORTH" />
    <connection from="t24" to="t25" type="NORMAL" sourcePosition="SOUTH" targetPosition="NORTH" />
    <connection from="t25" to="t33" type="EXCEPTION" sourcePosition="SOUTH" targetPosition="NORTH" />
    <connection from="t25" to="t33" type="NORMAL" sourcePosition="SOUTH" targetPosition="NORTH" />
    <connection from="t26" to="t32" type="EXCEPTION" sourcePosition="SOUTH" targetPosition="NORTH" />
    <connection from="t26" to="t32" type="NORMAL" sourcePosition="SOUTH" targetPosition="NORTH" />
    <connection from="t28" to="t11" type="EXCEPTION" sourcePosition="NORTH" targetPosition="NORTH" />
    <connection from="t28" to="t11" type="NORMAL" sourcePosition="SOUTH" targetPosition="NORTH" />
    <connection from="t29" to="t15" type="TRUE" sourcePosition="WEST" targetPosition="SOUTH" />
    <connection from="t29" to="t15" type="FALSE" sourcePosition="WEST" targetPosition="SOUTH" />
    <connection from="t29" to="t2" type="EXCEPTION" sourcePosition="WEST" targetPosition="SOUTH" />
    <connection from="t30" to="t35" type="TRUE" sourcePosition="SOUTH" targetPosition="NORTH" />
    <connection from="t30" to="t35" type="FALSE" sourcePosition="SOUTH" targetPosition="NORTH" />
    <connection from="t30" to="t2" type="EXCEPTION" sourcePosition="WEST" targetPosition="SOUTH" />
    <connection from="t31" to="t3" type="TRUE" sourcePosition="SOUTH" targetPosition="NORTH" />
    <connection from="t31" to="t3" type="FALSE" sourcePosition="SOUTH" targetPosition="NORTH" />
    <connection from="t31" to="t2" type="EXCEPTION" sourcePosition="SOUTH" targetPosition="NORTH" />
    <connection from="t32" to="t10" type="EXCEPTION" sourcePosition="SOUTH" targetPosition="EAST" />
    <connection from="t32" to="t10" type="NORMAL" sourcePosition="WEST" targetPosition="NORTH" />
    <connection from="t33" to="t8" type="EXCEPTION" sourcePosition="SOUTH" targetPosition="NORTH" />
    <connection from="t33" to="t8" type="NORMAL" sourcePosition="SOUTH" targetPosition="NORTH" />
    <connection from="t34" to="t5" type="TRUE" sourcePosition="WEST" targetPosition="SOUTH" />
    <connection from="t34" to="t5" type="FALSE" sourcePosition="WEST" targetPosition="SOUTH" />
    <connection from="t34" to="t2" type="EXCEPTION" sourcePosition="WEST" targetPosition="SOUTH" />
    <connection from="t35" to="t4" type="TRUE" sourcePosition="NORTH" targetPosition="SOUTH" />
    <connection from="t35" to="t4" type="FALSE" sourcePosition="NORTH" targetPosition="SOUTH" />
    <connection from="t35" to="t2" type="EXCEPTION" sourcePosition="NORTH" targetPosition="SOUTH" />
    <connection from="t36" to="t21" type="TRUE" sourcePosition="SOUTH" targetPosition="SOUTH" />
    <connection from="t36" to="t21" type="FALSE" sourcePosition="EAST" targetPosition="NORTH" />
    <connection from="t36" to="t2" type="EXCEPTION" sourcePosition="EAST" targetPosition="SOUTH" />
  </flow>
</data>