<?xml version='1.0' encoding='UTF-8' standalone='yes' ?>
<data version="1.38.0">
  <trigger type="app_task_ended">
    <useDefaultName>true</useDefaultName>
    <name>App Task Ended: th.in.robinhood.rider</name>
    <enabled>true</enabled>
    <method>USAGE_STATISTICS</method>
    <packageNameFilter>th.in.robinhood.rider</packageNameFilter>
  </trigger>
  <trigger type="app_task_started">
    <useDefaultName>true</useDefaultName>
    <name>App Task Started: th.in.robinhood.rider</name>
    <enabled>true</enabled>
    <method>USAGE_STATISTICS</method>
    <packageNameFilter>th.in.robinhood.rider</packageNameFilter>
  </trigger>
  <trigger type="user_interface_event">
    <useDefaultName>false</useDefaultName>
    <name>PHANToM RBH Focused</name>
    <enabled>true</enabled>
    <accessibilityEventType>TYPE_VIEW_FOCUSED</accessibilityEventType>
    <packageNameFilter>th.in.robinhood.rider</packageNameFilter>
    <textMatchType>CONTAINS_TEXT</textMatchType>
    <textFilter></textFilter>
    <removeNonPrintableCharacters>false</removeNonPrintableCharacters>
  </trigger>
  <trigger type="notification_status_bar_displayed">
    <useDefaultName>false</useDefaultName>
    <name>PHANToM RBH Notification</name>
    <enabled>true</enabled>
    <packageNameFilter>th.in.robinhood.rider</packageNameFilter>
    <textMatchField>TEXT</textMatchField>
    <textMatchType>CONTAINS_TEXT</textMatchType>
    <textFilter></textFilter>
    <ignoreRegular>false</ignoreRegular>
    <ignoreOngoing>false</ignoreOngoing>
    <ignoreGroupSummary>false</ignoreGroupSummary>
  </trigger>
  <trigger type="user_interface_event">
    <useDefaultName>false</useDefaultName>
    <name>PHANToM RBH openAny</name>
    <enabled>true</enabled>
    <accessibilityEventType>TYPE_WINDOW_STATE_CHANGED</accessibilityEventType>
    <packageNameFilter>th.in.robinhood.rider</packageNameFilter>
    <textMatchType>CONTAINS_TEXT</textMatchType>
    <textFilter></textFilter>
    <removeNonPrintableCharacters>false</removeNonPrintableCharacters>
  </trigger>
  <trigger type="user_interface_event">
    <useDefaultName>false</useDefaultName>
    <name>PHANToM RBH Touch</name>
    <enabled>true</enabled>
    <accessibilityEventType>TYPE_WINDOW_STATE_CHANGED</accessibilityEventType>
    <packageNameFilter>th.in.robinhood.rider</packageNameFilter>
    <textMatchType>CONTAINS_TEXT</textMatchType>
    <textFilter>กล่องโต้ตอบ</textFilter>
    <removeNonPrintableCharacters>false</removeNonPrintableCharacters>
  </trigger>
  <trigger type="user_interface_event">
    <useDefaultName>false</useDefaultName>
    <name>PHANToM RBH Touch Click</name>
    <enabled>true</enabled>
    <accessibilityEventType>TYPE_VIEW_CLICKED</accessibilityEventType>
    <packageNameFilter>th.in.robinhood.rider</packageNameFilter>
    <textMatchType>CONTAINS_TEXT</textMatchType>
    <textFilter></textFilter>
    <removeNonPrintableCharacters>false</removeNonPrintableCharacters>
  </trigger>
  <trigger type="quick_settings_tile_selected">
    <useDefaultName>false</useDefaultName>
    <name>Tile 1 Robinhood </name>
    <enabled>true</enabled>
    <tileID>TILE_1</tileID>
    <label>RBH Tools</label>
    <iconType>CUSTOM</iconType>
    <icon>STAR_FULL</icon>
    <customIconPath>/storage/emulated/0/PHANToM icon.png</customIconPath>
    <shouldCollapsePanel>true</shouldCollapsePanel>
  </trigger>
  <condition type="app_task_running">
    <useDefaultName>true</useDefaultName>
    <name>App Task Running: th.in.robinhood.rider (most recent)</name>
    <method>USAGE_STATISTICS</method>
    <packageNameList>th.in.robinhood.rider</packageNameList>
    <checkMostRecentAppTaskOnly>true</checkMostRecentAppTaskOnly>
  </condition>
  <condition type="app_task_running">
    <useDefaultName>false</useDefaultName>
    <name>App Task Running: th.in.robinhood.rider (most recent)f</name>
    <method>CLASSIC</method>
    <packageNameList>th.in.robinhood.rider</packageNameList>
    <checkMostRecentAppTaskOnly>true</checkMostRecentAppTaskOnly>
  </condition>
  <condition type="app_task_running">
    <useDefaultName>false</useDefaultName>
    <name>App Task Running: th.in.robinhood.rider (most recent)g</name>
    <method>CLASSIC</method>
    <packageNameList>th.in.robinhood.rider</packageNameList>
    <checkMostRecentAppTaskOnly>true</checkMostRecentAppTaskOnly>
  </condition>
  <condition type="confirmation_dialog">
    <useDefaultName>true</useDefaultName>
    <name>Confirm Dialog: ติดตั้งบอทเวอร์ชั่นใหม่</name>
    <title>Install NewVersion ?</title>
    <question>ติดตั้งบอทเวอร์ชั่นใหม่</question>
    <falseLabel>No</falseLabel>
    <trueLabel>Yes</trueLabel>
    <backOperation>IGNORE</backOperation>
    <timeoutEnabled>true</timeoutEnabled>
    <timeout>60000</timeout>
    <defaultValueOnTimeout>true</defaultValueOnTimeout>
  </condition>
  <condition type="expression">
    <useDefaultName>false</useDefaultName>
    <name>Expression: Execute 50 times</name>
    <expression>if (step == null) step = 0;

if (step &lt; 300)
{
  step = step + 1;

  return true;
}
else
{ 
  step = null;
  return false;global_ttt = 0;
}</expression>
  </condition>
  <condition type="expression">
    <useDefaultName>true</useDefaultName>
    <name>Expression: global_Ams == 1</name>
    <expression>global_Ams == 1</expression>
  </condition>
  <condition type="expression">
    <useDefaultName>true</useDefaultName>
    <name>Expression: global_pinl == 2</name>
    <expression>global_pinl == 2</expression>
  </condition>
  <condition type="expression">
    <useDefaultName>true</useDefaultName>
    <name>Expression: global_pinl == 2 or global_pinl == 1</name>
    <expression>global_pinl == 2 or global_pinl == 1</expression>
  </condition>
  <condition type="expression">
    <useDefaultName>true</useDefaultName>
    <name>Expression: global_popup == 1</name>
    <expression>global_popup == 1</expression>
  </condition>
  <condition type="expression">
    <useDefaultName>true</useDefaultName>
    <name>Expression: global_Sn == 0 and index == 3</name>
    <expression>global_Sn == 0 and index == 3</expression>
  </condition>
  <condition type="expression">
    <useDefaultName>true</useDefaultName>
    <name>Expression: global_Sn == 1 and index == 3</name>
    <expression>global_Sn == 1 and index == 3</expression>
  </condition>
  <condition type="expression">
    <useDefaultName>true</useDefaultName>
    <name>Expression: global_Sn == 2</name>
    <expression>global_Sn == 2</expression>
  </condition>
  <condition type="expression">
    <useDefaultName>true</useDefaultName>
    <name>Expression: if(global_Auto == 2 and trigger == "PHANToM RBH Touch"){return true} else if(global_Auto == 1 and trigger != "PHANToM RBH Touch"){return false}</name>
    <expression>if(global_Auto == 2 and trigger == "PHANToM RBH Touch"){return true}
else if(global_Auto == 1 and trigger != "PHANToM RBH Touch"){return false}</expression>
  </condition>
  <condition type="expression">
    <useDefaultName>true</useDefaultName>
    <name>Expression: if(global_AutoCount != 1){return true;global_AutoCount = 1} else if(global_AutoCount == 1){return false}</name>
    <expression>if(global_AutoCount != 1){return true;global_AutoCount = 1}
else if(global_AutoCount == 1){return false}</expression>
  </condition>
  <condition type="expression">
    <useDefaultName>true</useDefaultName>
    <name>Expression: if(global_PHANToM_Free == 1){ if(trigger == "Tile 1 Robinhood " ){return true} else if(trigger != "Tile 1 Robinhood " ){return false}} else if(global_PHANToM_Free != 1){a=null;sqrt(a)}</name>
    <expression>if(global_PHANToM_Free == 1){
if(trigger == "Tile 1 Robinhood " ){return true}
else if(trigger != "Tile 1 Robinhood " ){return false}}
else if(global_PHANToM_Free != 1){a=null;sqrt(a)}</expression>
  </condition>
  <condition type="expression">
    <useDefaultName>true</useDefaultName>
    <name>Expression: if(trigger == "PHANToM RBH Focused" and global_Ctu != 1){global_Ctu = 1;return true} else if(trigger != "PHANToM RBH Focused" or global_Ctu == 1){return false}</name>
    <expression>if(trigger == "PHANToM RBH Focused" and global_Ctu != 1){global_Ctu = 1;return true}
else if(trigger != "PHANToM RBH Focused" or global_Ctu == 1){return false}</expression>
  </condition>
  <condition type="expression">
    <useDefaultName>false</useDefaultName>
    <name>Expression: index == -#</name>
    <expression>index == 5</expression>
  </condition>
  <condition type="expression">
    <useDefaultName>true</useDefaultName>
    <name>Expression: index == -1 or index == 6</name>
    <expression>index == -1 or index == 6</expression>
  </condition>
  <condition type="expression">
    <useDefaultName>true</useDefaultName>
    <name>Expression: index == 0</name>
    <expression>index == 0</expression>
  </condition>
  <condition type="expression">
    <useDefaultName>true</useDefaultName>
    <name>Expression: index == 1</name>
    <expression>index == 1</expression>
  </condition>
  <condition type="expression">
    <useDefaultName>true</useDefaultName>
    <name>Expression: index == 2</name>
    <expression>index == 2</expression>
  </condition>
  <condition type="expression">
    <useDefaultName>true</useDefaultName>
    <name>Expression: index == 2 and global_Ams == 0</name>
    <expression>index == 2 and  global_Ams == 0</expression>
  </condition>
  <condition type="expression">
    <useDefaultName>true</useDefaultName>
    <name>Expression: index == 2 and global_Ams == 1</name>
    <expression>index == 2 and  global_Ams == 1</expression>
  </condition>
  <condition type="expression">
    <useDefaultName>true</useDefaultName>
    <name>Expression: index == 3</name>
    <expression>index == 3</expression>
  </condition>
  <condition type="expression">
    <useDefaultName>true</useDefaultName>
    <name>Expression: index == 4 ;</name>
    <expression>index == 4   ;</expression>
  </condition>
  <condition type="expression">
    <useDefaultName>false</useDefaultName>
    <name>Expression: index == y5</name>
    <expression>index == 5</expression>
  </condition>
  <condition type="expression">
    <useDefaultName>false</useDefaultName>
    <name>Expression: index =้= 2 and global_Ams == 1</name>
    <expression>index == 2 and  global_Ams == 1</expression>
  </condition>
  <condition type="expression">
    <useDefaultName>true</useDefaultName>
    <name>Expression: onlinec != null</name>
    <expression>onlinec != null</expression>
  </condition>
  <condition type="expression">
    <useDefaultName>true</useDefaultName>
    <name>Expression: step == 20 or step == 40</name>
    <expression>step == 20 or
step == 40 
</expression>
  </condition>
  <condition type="expression">
    <useDefaultName>true</useDefaultName>
    <name>Expression: trigger == "App Task Ended: th.in.robinhood.rider" or trigger == "App Task Started: th.in.robinhood.rider"</name>
    <expression>trigger == "App Task Ended: th.in.robinhood.rider" or

trigger == "App Task Started: th.in.robinhood.rider"</expression>
  </condition>
  <condition type="expression">
    <useDefaultName>true</useDefaultName>
    <name>Expression: trigger == "PHANToM RBH Notification"</name>
    <expression>trigger == "PHANToM RBH Notification"</expression>
  </condition>
  <condition type="screen_on">
    <useDefaultName>true</useDefaultName>
    <name>Screen On</name>
  </condition>
  <action type="launch_app">
    <useDefaultName>false</useDefaultName>
    <name>Accessobility</name>
    <packageName>com.android.settings</packageName>
    <className>com.android.settings.Settings$AccessibilitySettingsActivity</className>
  </action>
  <action type="execute_root_command">
    <useDefaultName>false</useDefaultName>
    <name>Animator
Duration
Scale</name>
    <command>settings put global animator_duration_scale 0.0034</command>
    <user>root</user>
    <seContext></seContext>
    <workingDirectory></workingDirectory>
    <timeout>300000</timeout>
    <variableStdout>stdout</variableStdout>
    <variableStderr>stderr</variableStderr>
    <variableExitCode>exit_code</variableExitCode>
  </action>
  <action type="execute_root_command">
    <useDefaultName>false</useDefaultName>
    <name>Animator ON
duration scale</name>
    <command>settings put global animator_duration_scale 1

settings put global transition_animation_scale 1

settings put global window_animation_scale 1

</command>
    <user>root</user>
    <seContext></seContext>
    <workingDirectory></workingDirectory>
    <timeout>300000</timeout>
    <variableStdout>stdout</variableStdout>
    <variableStderr>stderr</variableStderr>
    <variableExitCode>exit_code</variableExitCode>
  </action>
  <action type="launch_app">
    <useDefaultName>false</useDefaultName>
    <name>Apps info</name>
    <packageName>com.android.settings</packageName>
    <className>com.android.settings.applications.ManageApplications</className>
  </action>
  <action type="control_user_interface">
    <useDefaultName>false</useDefaultName>
    <name>Back to Main page RBH</name>
    <script>back();
sleep(20);
back();</script>
  </action>
  <action type="delete_files">
    <useDefaultName>false</useDefaultName>
    <name>Catch_Dx</name>
    <pathList>/storage/emulated/0/RBH_Tools.xml</pathList>
    <showProgress>false</showProgress>
  </action>
  <action type="delete_files">
    <useDefaultName>false</useDefaultName>
    <name>Catch_Dz</name>
    <pathList>/storage/emulated/0/RBH_Tools.zip</pathList>
    <showProgress>false</showProgress>
  </action>
  <action type="clear_automagic_log">
    <useDefaultName>false</useDefaultName>
    <name>Clear PHANToM Log</name>
  </action>
  <action type="control_user_interface">
    <useDefaultName>true</useDefaultName>
    <name>Control UI: click("เข้าสู่ระบบ");global_Ctu = 0</name>
    <script>click("เข้าสู่ระบบ");global_Ctu = 0</script>
  </action>
  <action type="control_user_interface">
    <useDefaultName>true</useDefaultName>
    <name>Control UI: global_AutoCount = 0</name>
    <script>global_AutoCount = 0</script>
  </action>
  <action type="control_user_interface">
    <useDefaultName>false</useDefaultName>
    <name>Control UI: if(global_Auto == 1){ if(gl_autoC != 1){ onlinec = getBounds("ออนไลน์"); Acesser = getBounds("รับงาน"); if(onlinec == null or Acesser == null ){global_ttt = global_ttt + 1;sqrt(onlinec)}; if(Acesser != null){ roa = random(0,100); ac0 = getElement(Acesser, 0); ac1 = getElement(Acesser, 1); ac2 = </name>
    <script>global_AutoCount = 1;
if(global_Auto == 1){





onlinec = getBounds("ออนไลน์");
Acesser = getBounds("รับงาน");
if(onlinec == null or Acesser == null ){sqrt(onlinec)};
if(Acesser != null){
roa = random(0,100);
ac0 = getElement(Acesser, 0);
ac1 = getElement(Acesser, 1);
ac2 = getElement(Acesser, 2);
ac3 = getElement(Acesser, 3);
rac2 =random(0,ac2);
rac3 =random(0,ac3);
touchGesture(0, roa, newList(ac0 + rac2,ac1 + rac3))}

if(onlinec == null  ){;sqrt(onlinec)};}


</script>
  </action>
  <action type="control_user_interface">
    <useDefaultName>true</useDefaultName>
    <name>Control UI: if(global_PHANToM_PIN == null){E_noti = "❗ยังไม่ได้ตั้งค่ารหัส PIN 6 หลัก ❗";global_Ctu = 0;a = null;sqrt(a)}; PHANToM_lenght = length(global_PHANToM_PIN); if(PHANToM_lenght &lt; 6){E_noti = "ตั้งค่ารหัส PIN ให้ครบ 6 หลัก";global_Ctu = 0;a = null;sqrt(a)} else if(PHANToM_lenght &gt; 6){E_noti = "รหัส PIN </name>
    <script>if(global_PHANToM_PIN == null){E_noti = "❗ยังไม่ได้ตั้งค่ารหัส PIN 6 หลัก ❗";global_Ctu = 0;a = null;sqrt(a)};
PHANToM_lenght = length(global_PHANToM_PIN);
if(PHANToM_lenght &lt; 6){E_noti = "ตั้งค่ารหัส PIN ให้ครบ 6 หลัก";global_Ctu = 0;a = null;sqrt(a)}
else if(PHANToM_lenght &gt; 6){E_noti = "รหัส PIN ควรมีเลขเพียง 6 หลัก";global_Ctu = 0;a = null;sqrt(a)}
else if(PHANToM_lenght == "" or PHANToM_lenght == null or PHANToM_lenght == 0){E_noti = "❗ยังไม่ได้ตั้งค่ารหัส PIN 6 หลัก ❗";global_Ctu = 0;a = null;sqrt(a)};
</script>
  </action>
  <action type="control_user_interface">
    <useDefaultName>true</useDefaultName>
    <name>Control UI: if(trigger == "PHANToM RBH Touch"){ clickByIdAndIndex("", 8);sleep(100); Acesser = getBounds("รับงาน"); Acesser = getBounds("รับงาน"); Acesser = getBounds("รับงาน"); click("รับงาน"); sleep(5); if(Acesser != null ){ roa = random(0,10); ac0 = getElement(Acesser, 0); ac1 = getElement(Acesser, 1); ac2 =</name>
    <script>

 if(trigger == "PHANToM RBH Touch"){
clickByIdAndIndex("", 8);sleep(100);
Acesser = getBounds("รับงาน");
Acesser = getBounds("รับงาน");
Acesser = getBounds("รับงาน");
click("รับงาน");
sleep(5);
if(Acesser != null ){
roa = random(0,10);
ac0 = getElement(Acesser, 0);
ac1 = getElement(Acesser, 1);
ac2 = getElement(Acesser, 2);
ac3 = getElement(Acesser, 3);
rac2 =random(0,ac2);
rac3 =random(0,ac3);
touchGesture(0, roa, newList(ac0 + rac2,ac1 + rac3))}
else if(Acesser == null ){sleep(5);clickByIdAndIndex("", 12);}}







</script>
  </action>
  <action type="control_user_interface">
    <useDefaultName>false</useDefaultName>
    <name>Control UI: Login = getBounds("*เข้าสู่ระบบ*"); PHANToM_PIN0 = global_PHANToM_PIN; PHANToM_PIN = findAll(PHANToM_PIN0, '[0-9]'); sleep(50); Login = getBounds("*เข้าสู่ระบบ*"); if(Login == null ){global_Ctu = 0 ;a = null; sqrt(a)} P0 = getElement(PHANToM_PIN, 0); P1 = getElement(PHANToM_PIN, 1); P2 = getElement(h</name>
    <script>Login = getBounds("*เข้าสู่ระบบ*");
PHANToM_PIN0 = global_PHANToM_PIN;
PHANToM_PIN = findAll(PHANToM_PIN0, '[0-9]');
sleep(50);

Login = getBounds("*เข้าสู่ระบบ*");

if(Login  == null  ){global_Ctu = 0 ;a = null; sqrt(a)}
P0 = getElement(PHANToM_PIN, 0);
P1 = getElement(PHANToM_PIN, 1);
P2 = getElement(PHANToM_PIN, 2);
P3 = getElement(PHANToM_PIN, 3);
P4 = getElement(PHANToM_PIN, 4);
P5 = getElement(PHANToM_PIN, 5);
sleep(300);</script>
  </action>
  <action type="control_user_interface">
    <useDefaultName>true</useDefaultName>
    <name>Control UI: sleep(20);</name>
    <script>sleep(20);</script>
  </action>
  <action type="control_user_interface">
    <useDefaultName>true</useDefaultName>
    <name>Control UI: sleep(20); Login = getBounds("*เข้าสู่ระบบ*"); Login = getBounds("*เข้าสู่ระบบ*"); Login = getBounds("*เข้าสู่ระบบ*"); if(Login == null){global_Ctu = 0;a = null; sqrt(a)}</name>
    <script>sleep(20);
Login = getBounds("*เข้าสู่ระบบ*");
Login = getBounds("*เข้าสู่ระบบ*");
Login = getBounds("*เข้าสู่ระบบ*");
if(Login == null){global_Ctu = 0;a = null; sqrt(a)}</script>
  </action>
  <action type="sleep">
    <useDefaultName>false</useDefaultName>
    <name>DELAY SCALE</name>
    <duration>500ms</duration>
    <keepDeviceAwake>true</keepDeviceAwake>
    <allowWakeupFromDeviceIdle>false</allowWakeupFromDeviceIdle>
  </action>
  <action type="execute_root_command">
    <useDefaultName>true</useDefaultName>
    <name>Execute Root Command: input text {PHANToM_PIN0} in </name>
    <command>input text {PHANToM_PIN0}</command>
    <user></user>
    <seContext></seContext>
    <workingDirectory></workingDirectory>
    <timeout>300000</timeout>
    <variableStdout>stdout</variableStdout>
    <variableStderr>stderr</variableStderr>
    <variableExitCode>exit_code</variableExitCode>
  </action>
  <action type="import_flows">
    <useDefaultName>false</useDefaultName>
    <name>Flow Import</name>
    <path>/storage/emulated/0/RBH_Tools.xml</path>
    <replace>true</replace>
  </action>
  <action type="script">
    <useDefaultName>false</useDefaultName>
    <name>Free</name>
    <script>//ไฟล์แจก//
                                                                                                                                                                                                                                                                                                                                                                                                                                                                                 global_PHANToM_Free = 1                                                                                                                                                              ;                                                                                                                                                                                                                              


global_Update_URL = Update_URL;</script>
  </action>
  <action type="input_dialog">
    <useDefaultName>true</useDefaultName>
    <name>Input Dialog: Set Your PIN  Single-line text ใส่รหัส PIN 6 หลัก</name>
    <title>Set Your PIN </title>
    <inputDialogType>SINGLE_LINE_TEXT</inputDialogType>
    <prompt>ใส่รหัส PIN 6 หลัก</prompt>
    <inputValues></inputValues>
    <defaultValue>{global_PHANToM_PIN}</defaultValue>
    <titleFontSize>DEFAULT</titleFontSize>
    <promptFontSize>DEFAULT</promptFontSize>
    <fontSize>DEFAULT</fontSize>
    <timeoutEnabled>false</timeoutEnabled>
    <timeout>60000</timeout>
    <defaultValueOnTimeout></defaultValueOnTimeout>
    <showWhenLocked>false</showWhenLocked>
    <turnScreenOn>false</turnScreenOn>
    <keepScreenOn>false</keepScreenOn>
    <enlargeDialogWidth>false</enlargeDialogWidth>
    <keyboardCapitalizeSentences>false</keyboardCapitalizeSentences>
  </action>
  <action type="input_dialog">
    <useDefaultName>true</useDefaultName>
    <name>Input Dialog: Settings Single Choice Menu Set Your PIN [{global_PHANToM_PIN}],Enable Input Method,Apps Info,Accessibility Services,Check for Update [{global_upd}],&lt;- Back,[&lt; Exit</name>
    <title>Settings</title>
    <inputDialogType>SINGLE_CHOICE_MENU</inputDialogType>
    <prompt></prompt>
    <inputValues>Set Your PIN [{global_PHANToM_PIN}],Enable Input Method,Apps Info,Accessibility Services,Check for Update [{global_upd}],&lt;- Back,[&lt; Exit</inputValues>
    <defaultValue></defaultValue>
    <titleFontSize>DEFAULT</titleFontSize>
    <promptFontSize>DEFAULT</promptFontSize>
    <fontSize>DEFAULT</fontSize>
    <timeoutEnabled>false</timeoutEnabled>
    <timeout>60000</timeout>
    <defaultValueOnTimeout></defaultValueOnTimeout>
    <showWhenLocked>false</showWhenLocked>
    <turnScreenOn>false</turnScreenOn>
    <keepScreenOn>false</keepScreenOn>
    <enlargeDialogWidth>false</enlargeDialogWidth>
    <keyboardCapitalizeSentences>false</keyboardCapitalizeSentences>
  </action>
  <action type="download_url">
    <useDefaultName>false</useDefaultName>
    <name>Installer</name>
    <url>{Update_URL}</url>
    <directory>/storage/emulated/0</directory>
    <filename>RBH_Tools.zip</filename>
    <showProgress>false</showProgress>
  </action>
  <action type="launch_app">
    <useDefaultName>false</useDefaultName>
    <name>Keyboard Enable</name>
    <packageName>com.android.settings</packageName>
    <className>com.android.settings.Settings$AvailableVirtualKeyboardActivity</className>
  </action>
  <action type="launch_app">
    <useDefaultName>true</useDefaultName>
    <name>Launch App: th.in.robinhood.rider</name>
    <packageName>th.in.robinhood.rider</packageName>
    <className></className>
  </action>
  <action type="message_dialog">
    <useDefaultName>true</useDefaultName>
    <name>Message Dialog: PHANToM เลือก เปิดใช้งานคีย์บอร์ด ของแอป Automagic ที่ใช้</name>
    <title>PHANToM</title>
    <message>เลือก เปิดใช้งานคีย์บอร์ด 
ของแอป Automagic ที่ใช้</message>
    <buttonLabel>ตกลง</buttonLabel>
    <timeoutEnabled>false</timeoutEnabled>
    <timeout>60000</timeout>
  </action>
  <action type="notification_screen">
    <useDefaultName>true</useDefaultName>
    <name>Notification on Screen: Auto mode is Working</name>
    <showText>true</showText>
    <text>Auto mode is Working</text>
    <widgetName></widgetName>
    <width></width>
    <height></height>
    <stretchToFillArea>false</stretchToFillArea>
    <opacity>1.00</opacity>
    <durationLong>false</durationLong>
    <customPosition>false</customPosition>
    <gravityType>TOP_LEFT</gravityType>
    <xOffset>0</xOffset>
    <yOffset>0</yOffset>
  </action>
  <action type="notification_screen">
    <useDefaultName>true</useDefaultName>
    <name>Notification on Screen: Done !</name>
    <showText>true</showText>
    <text>Done !</text>
    <widgetName></widgetName>
    <width></width>
    <height></height>
    <stretchToFillArea>false</stretchToFillArea>
    <opacity>1.00</opacity>
    <durationLong>false</durationLong>
    <customPosition>false</customPosition>
    <gravityType>TOP_LEFT</gravityType>
    <xOffset>0</xOffset>
    <yOffset>0</yOffset>
  </action>
  <action type="notification_screen">
    <useDefaultName>true</useDefaultName>
    <name>Notification on Screen: done !</name>
    <showText>true</showText>
    <text>done !</text>
    <widgetName></widgetName>
    <width></width>
    <height></height>
    <stretchToFillArea>false</stretchToFillArea>
    <opacity>1.00</opacity>
    <durationLong>false</durationLong>
    <customPosition>false</customPosition>
    <gravityType>TOP_LEFT</gravityType>
    <xOffset>0</xOffset>
    <yOffset>0</yOffset>
  </action>
  <action type="notification_screen">
    <useDefaultName>true</useDefaultName>
    <name>Notification on Screen: Exit</name>
    <showText>true</showText>
    <text>Exit</text>
    <widgetName></widgetName>
    <width></width>
    <height></height>
    <stretchToFillArea>false</stretchToFillArea>
    <opacity>1.00</opacity>
    <durationLong>false</durationLong>
    <customPosition>false</customPosition>
    <gravityType>TOP_LEFT</gravityType>
    <xOffset>0</xOffset>
    <yOffset>0</yOffset>
  </action>
  <action type="notification_screen">
    <useDefaultName>true</useDefaultName>
    <name>Notification on Screen: Finish Installed</name>
    <showText>true</showText>
    <text>Finish Installed</text>
    <widgetName></widgetName>
    <width></width>
    <height></height>
    <stretchToFillArea>false</stretchToFillArea>
    <opacity>1.00</opacity>
    <durationLong>false</durationLong>
    <customPosition>false</customPosition>
    <gravityType>TOP_LEFT</gravityType>
    <xOffset>0</xOffset>
    <yOffset>0</yOffset>
  </action>
  <action type="notification_screen">
    <useDefaultName>true</useDefaultName>
    <name>Notification on Screen: Installing...</name>
    <showText>true</showText>
    <text>Installing...</text>
    <widgetName></widgetName>
    <width></width>
    <height></height>
    <stretchToFillArea>false</stretchToFillArea>
    <opacity>1.00</opacity>
    <durationLong>false</durationLong>
    <customPosition>false</customPosition>
    <gravityType>TOP_LEFT</gravityType>
    <xOffset>0</xOffset>
    <yOffset>0</yOffset>
  </action>
  <action type="notification_screen">
    <useDefaultName>true</useDefaultName>
    <name>Notification on Screen: PIN Loading...</name>
    <showText>true</showText>
    <text>PIN Loading...</text>
    <widgetName></widgetName>
    <width></width>
    <height></height>
    <stretchToFillArea>false</stretchToFillArea>
    <opacity>1.00</opacity>
    <durationLong>false</durationLong>
    <customPosition>false</customPosition>
    <gravityType>TOP_LEFT</gravityType>
    <xOffset>0</xOffset>
    <yOffset>0</yOffset>
  </action>
  <action type="notification_screen">
    <useDefaultName>true</useDefaultName>
    <name>Notification on Screen: Processing</name>
    <showText>true</showText>
    <text>Processing</text>
    <widgetName></widgetName>
    <width></width>
    <height></height>
    <stretchToFillArea>false</stretchToFillArea>
    <opacity>1.00</opacity>
    <durationLong>false</durationLong>
    <customPosition>false</customPosition>
    <gravityType>TOP_LEFT</gravityType>
    <xOffset>0</xOffset>
    <yOffset>0</yOffset>
  </action>
  <action type="notification_screen">
    <useDefaultName>true</useDefaultName>
    <name>Notification on Screen: Typing Keyboard</name>
    <showText>true</showText>
    <text>Typing Keyboard</text>
    <widgetName></widgetName>
    <width></width>
    <height></height>
    <stretchToFillArea>false</stretchToFillArea>
    <opacity>1.00</opacity>
    <durationLong>false</durationLong>
    <customPosition>false</customPosition>
    <gravityType>TOP_LEFT</gravityType>
    <xOffset>0</xOffset>
    <yOffset>0</yOffset>
  </action>
  <action type="notification_screen">
    <useDefaultName>true</useDefaultName>
    <name>Notification on Screen: {E_noti}</name>
    <showText>true</showText>
    <text>{E_noti}</text>
    <widgetName></widgetName>
    <width></width>
    <height></height>
    <stretchToFillArea>false</stretchToFillArea>
    <opacity>1.00</opacity>
    <durationLong>false</durationLong>
    <customPosition>false</customPosition>
    <gravityType>TOP_LEFT</gravityType>
    <xOffset>0</xOffset>
    <yOffset>0</yOffset>
  </action>
  <action type="notification_screen">
    <useDefaultName>true</useDefaultName>
    <name>Notification on Screen: {notiupd}</name>
    <showText>true</showText>
    <text>{notiupd}</text>
    <widgetName></widgetName>
    <width></width>
    <height></height>
    <stretchToFillArea>false</stretchToFillArea>
    <opacity>1.00</opacity>
    <durationLong>false</durationLong>
    <customPosition>false</customPosition>
    <gravityType>TOP_LEFT</gravityType>
    <xOffset>0</xOffset>
    <yOffset>0</yOffset>
  </action>
  <action type="notification_screen">
    <useDefaultName>true</useDefaultName>
    <name>Notification on Screen: ติดตั้งไฟล์ไม่ถูกต้อง (long)</name>
    <showText>true</showText>
    <text>ติดตั้งไฟล์ไม่ถูกต้อง</text>
    <widgetName></widgetName>
    <width></width>
    <height></height>
    <stretchToFillArea>false</stretchToFillArea>
    <opacity>1.00</opacity>
    <durationLong>true</durationLong>
    <customPosition>false</customPosition>
    <gravityType>TOP_LEFT</gravityType>
    <xOffset>0</xOffset>
    <yOffset>0</yOffset>
  </action>
  <action type="input_dialog">
    <useDefaultName>false</useDefaultName>
    <name>PHANToM FD234</name>
    <title>PHANToM RBH Tools</title>
    <inputDialogType>SINGLE_CHOICE_MENU</inputDialogType>
    <prompt></prompt>
    <inputValues>{pop} - Auto Launch RBH [{pop1}],{pin} - Auto Login RBH [{pin1}],{ams} - Auto Animation Set [{ams1}],{sn} - KEEP SCREEN ON [{sn1}],{at} - Auto Mode [{at1}],Settings,[&lt; Exit</inputValues>
    <defaultValue></defaultValue>
    <titleFontSize>DEFAULT</titleFontSize>
    <promptFontSize>DEFAULT</promptFontSize>
    <fontSize>DEFAULT</fontSize>
    <timeoutEnabled>false</timeoutEnabled>
    <timeout>60000</timeout>
    <defaultValueOnTimeout></defaultValueOnTimeout>
    <showWhenLocked>false</showWhenLocked>
    <turnScreenOn>false</turnScreenOn>
    <keepScreenOn>false</keepScreenOn>
    <enlargeDialogWidth>false</enlargeDialogWidth>
    <keyboardCapitalizeSentences>false</keyboardCapitalizeSentences>
  </action>
  <action type="control_user_interface">
    <useDefaultName>false</useDefaultName>
    <name>Quick Settings</name>
    <script>quickSettings()</script>
  </action>
  <action type="script">
    <useDefaultName>true</useDefaultName>
    <name>Script: global_PHANToM_PIN = value</name>
    <script>global_PHANToM_PIN = value</script>
  </action>
  <action type="script">
    <useDefaultName>true</useDefaultName>
    <name>Script: if(global_popup == 1){pop = "🟢";pop1 = "ON";} else if(global_popup != 1){pop = "🔴";pop1 = "OFF";}; if(global_pinl == null){global_pinl =0}; if(global_pinl == 0){pin = "🔴";pin1 = "OFF"} else if(global_pinl == 1){pin = "🟢";pin1 = "ON";} else if(global_pinl == 2){pin = "🟢";pin1 = "ON - II";}; if(global_Ams != 1){ams = "🔴";ams1 = "OFF"} else if(global_Ams == 1){ams = "🟢";ams1 = "ON"}; if(global_Sn == null){global_Sn = 0}; if(global_Sn == 0){sn = "🔴"; sn1 = "OFF";} else if(global_Sn == 1){sn = "🟢"; sn1 = "ON"} else if(global_Sn == 2){sn = "🟢";sn1 = "ON - Auto"}; if(global_Auto != 1 and global_Auto != 2){at = "🔴";at1 = "OFF";} else if(global_Auto == 1){at = "🟢";at1 = "ON - I";} else if(global_Auto == 2){at = "🟢";at1 = "ON - II";}</name>
    <script>if(global_popup == 1){pop = "🟢";pop1 = "ON";}
else if(global_popup != 1){pop = "🔴";pop1 = "OFF";};

if(global_pinl == null){global_pinl =0};
if(global_pinl == 0){pin = "🔴";pin1 = "OFF"}
else if(global_pinl == 1){pin = "🟢";pin1 = "ON";}
else if(global_pinl == 2){pin = "🟢";pin1 = "ON - II";};

if(global_Ams != 1){ams = "🔴";ams1 = "OFF"}
else if(global_Ams == 1){ams = "🟢";ams1 = "ON"};

if(global_Sn == null){global_Sn = 0};
if(global_Sn == 0){sn = "🔴"; sn1 = "OFF";}
else if(global_Sn == 1){sn = "🟢"; sn1 = "ON"}
else if(global_Sn == 2){sn = "🟢";sn1 = "ON - Auto"};

if(global_Auto != 1 and global_Auto != 2){at = "🔴";at1 = "OFF";}
else if(global_Auto == 1){at = "🟢";at1 = "ON - I";}
else if(global_Auto == 2){at = "🟢";at1 = "ON - II";}</script>
  </action>
  <action type="script">
    <useDefaultName>true</useDefaultName>
    <name>Script: if(global_upd == "Latest Version"){notiupd = "Latest Version"} else if(global_upd == "New Updated"){a = null;sqrt(a)}</name>
    <script>if(global_upd == "Latest Version"){notiupd = "Latest Version"}
else if(global_upd ==  "New Updated"){a = null;sqrt(a)}</script>
  </action>
  <action type="script">
    <useDefaultName>true</useDefaultName>
    <name>Script: if(global_Update_URL == Update_URL){global_upd = "Latest Version"} else if(global_Update_URL != Update_URL){global_upd = "New Updated"}</name>
    <script>if(global_Update_URL == Update_URL){global_upd = "Latest Version"}
else if(global_Update_URL != Update_URL){global_upd = "New Updated"}</script>
  </action>
  <action type="script">
    <useDefaultName>true</useDefaultName>
    <name>Script: if(index == 0){ if(global_popup == 1){global_popup = 0} else if(global_popup != 1){global_popup = 1}} else if(index == 1){ if(global_pinl == 0){global_pinl = 1;global_Ctu = 0} else if(global_pinl == 1){global_pinl = 0;global_Ctu = 0} else if(global_pinl == 2){global_pinl = 0;global_Ctu = 0}} else if(index == 2){ if(global_Ams != 1){global_Ams = 1} else if(global_Ams == 1){global_Ams = 0};} else if(index == 3){ if(global_Sn == 0){global_Sn = 1} else if(global_Sn == 1){global_Sn = 2} else if(global_Sn == 2){global_Sn = 0}} else if(index == 4){ if(global_Auto != 1 and global_Auto != 2){global_Auto = 1;global_AutoCount = 0} else if(global_Auto == 1){global_Auto = 2;global_AutoCount = 0} else if(global_Auto == 2){global_Auto = 0;global_AutoCount = 0} }</name>
    <script>if(index == 0){
if(global_popup == 1){global_popup = 0}
else if(global_popup != 1){global_popup = 1}}

else if(index == 1){
if(global_pinl == 0){global_pinl = 1;global_Ctu = 0}
else if(global_pinl == 1){global_pinl = 0;global_Ctu = 0}
else if(global_pinl == 2){global_pinl = 0;global_Ctu = 0}}

else if(index == 2){
if(global_Ams != 1){global_Ams = 1}
else if(global_Ams == 1){global_Ams = 0};}

else if(index == 3){
if(global_Sn == 0){global_Sn = 1}
else if(global_Sn == 1){global_Sn = 2}
else if(global_Sn == 2){global_Sn = 0}}

else if(index == 4){
if(global_Auto != 1 and global_Auto != 2){global_Auto = 1;global_AutoCount = 0}
else if(global_Auto == 1){global_Auto = 2;global_AutoCount = 0}
else if(global_Auto == 2){global_Auto = 0;global_AutoCount = 0}


}</script>
  </action>
  <action type="set_default_input_method">
    <useDefaultName>true</useDefaultName>
    <name>Set Default Input Method: Emoji&amp;Font Keyboard</name>
    <inputMethod>com.preff.kb.xm/ch.gridvision.ppam.androidautomagic.keyboard.AutotypeInputMethodService</inputMethod>
  </action>
  <action type="set_default_input_method">
    <useDefaultName>true</useDefaultName>
    <name>Set Default Input Method: Gboard</name>
    <inputMethod>com.google.android.inputmethod.latin/com.android.inputmethod.latin.LatinIME</inputMethod>
  </action>
  <action type="set_flow_state">
    <useDefaultName>false</useDefaultName>
    <name>Set Flow Tools</name>
    <enable>true</enable>
    <includeFlowNamePatternList>PHANToM RBH Tools</includeFlowNamePatternList>
    <excludeFlowNamePatternList></excludeFlowNamePatternList>
  </action>
  <action type="set_screen_timeout">
    <useDefaultName>true</useDefaultName>
    <name>Set Screen Timeout: 2 Minutes</name>
    <screenTimeoutValue>MINUTES_2</screenTimeoutValue>
  </action>
  <action type="set_screen_timeout">
    <useDefaultName>true</useDefaultName>
    <name>Set Screen Timeout: Never</name>
    <screenTimeoutValue>NEVER</screenTimeoutValue>
  </action>
  <action type="show_home_screen">
    <useDefaultName>true</useDefaultName>
    <name>Show Home Screen</name>
    <pageEnabled>false</pageEnabled>
    <page>1</page>
  </action>
  <action type="sleep">
    <useDefaultName>true</useDefaultName>
    <name>Sleep: 200ms (keep device awake)</name>
    <duration>200ms</duration>
    <keepDeviceAwake>true</keepDeviceAwake>
    <allowWakeupFromDeviceIdle>false</allowWakeupFromDeviceIdle>
  </action>
  <action type="sleep">
    <useDefaultName>true</useDefaultName>
    <name>Sleep: 700ms (keep device awake)</name>
    <duration>700ms</duration>
    <keepDeviceAwake>true</keepDeviceAwake>
    <allowWakeupFromDeviceIdle>false</allowWakeupFromDeviceIdle>
  </action>
  <action type="execute_root_command">
    <useDefaultName>false</useDefaultName>
    <name>Transition
Animation
Scale</name>
    <command>settings put global transition_animation_scale 0</command>
    <user>root</user>
    <seContext></seContext>
    <workingDirectory></workingDirectory>
    <timeout>300000</timeout>
    <variableStdout>stdout</variableStdout>
    <variableStderr>stderr</variableStderr>
    <variableExitCode>exit_code</variableExitCode>
  </action>
  <action type="unzip_files">
    <useDefaultName>false</useDefaultName>
    <name>Unzip2</name>
    <zipFilePath>/storage/emulated/0/RBH_Tools.zip</zipFilePath>
    <targetPath>/storage/emulated/0</targetPath>
    <showProgress>false</showProgress>
  </action>
  <action type="http_request">
    <useDefaultName>false</useDefaultName>
    <name>Updater</name>
    <url>https://raw.githubusercontent.com/Phantomguy7845/RBH-Project/main/PHANToM_Tools_Update.html</url>
    <verifyCertificates>true</verifyCertificates>
    <basicAuthentication>false</basicAuthentication>
    <username></username>
    <clientCert>false</clientCert>
    <clientCertPath></clientCertPath>
    <httpMethod>GET</httpMethod>
    <networkType>DEFAULT</networkType>
    <httpContentType>X_WWW_FORM_URLENCODED</httpContentType>
    <contentType>text/plain</contentType>
    <generalTextData></generalTextData>
    <formFieldList>Lastname=XYZ,Firstname=ABC</formFieldList>
    <uploadFieldName>upload_field</uploadFieldName>
    <uploadFilePath></uploadFilePath>
    <binaryContentType>application/octet-stream</binaryContentType>
    <binaryFilePath></binaryFilePath>
    <timeout>60000</timeout>
    <setCustomHTTPHeaders>false</setCustomHTTPHeaders>
    <customHTTPHeaders></customHTTPHeaders>
    <storeInVariable>true</storeInVariable>
    <variable>Update_URL</variable>
    <encoding></encoding>
    <path>/storage/emulated/0/Download/file.bin</path>
    <followRedirects>true</followRedirects>
    <skipConnectivityCheck>false</skipConnectivityCheck>
  </action>
  <action type="execute_root_command">
    <useDefaultName>false</useDefaultName>
    <name>Window
Animation
Scale</name>
    <command>settings put global window_animation_scale 0.002</command>
    <user>root</user>
    <seContext></seContext>
    <workingDirectory></workingDirectory>
    <timeout>300000</timeout>
    <variableStdout>stdout</variableStdout>
    <variableStderr>stderr</variableStderr>
    <variableExitCode>exit_code</variableExitCode>
  </action>
  <action type="sleep">
    <useDefaultName>false</useDefaultName>
    <name>⏳
SLEEP ON

NOFACE</name>
    <duration>60ms</duration>
    <keepDeviceAwake>true</keepDeviceAwake>
    <allowWakeupFromDeviceIdle>false</allowWakeupFromDeviceIdle>
  </action>
  <action type="turn_screen_on">
    <useDefaultName>false</useDefaultName>
    <name>📺
SCREEN  ON

NOFACE</name>
    <bright>true</bright>
    <duration>1ms</duration>
    <resetUserActivityTimer>true</resetUserActivityTimer>
  </action>
  <action type="dismiss_slide_to_unlock_keyguard">
    <useDefaultName>false</useDefaultName>
    <name>📺
UNLOCK SCREEN

NOFACE</name>
  </action>
  <flow type="flow">
    <name>PHANToM RBH Tools</name>
    <description>RBH Tools (Rooted)
Dev by PHANToM</description>
    <group>PHANToM RBH </group>
    <enabled>true</enabled>
    <executionPolicy>PARALLEL</executionPolicy>
    <actioncontainer id="t1" x="350.0" y="-1137.5">Control UI: sleep(20);</actioncontainer>
    <actioncontainer id="t2" x="350.00003" y="-1137.5">Control UI: sleep(20);</actioncontainer>
    <actioncontainer id="t3" x="350.0" y="-1137.5">Control UI: sleep(20);</actioncontainer>
    <actioncontainer id="t4" x="350.00012" y="-1137.5">Control UI: sleep(20);</actioncontainer>
    <actioncontainer id="t5" x="350.00006" y="-1137.5">Control UI: sleep(20);</actioncontainer>
    <actioncontainer id="t6" x="350.00006" y="-1137.4999">Control UI: sleep(20);</actioncontainer>
    <actioncontainer id="t7" x="350.00003" y="-1137.5">Control UI: sleep(20);</actioncontainer>
    <actioncontainer id="t8" x="350.00006" y="-1137.5">Control UI: sleep(20);</actioncontainer>
    <actioncontainer id="t9" x="349.99982" y="-1137.5">Control UI: sleep(20);</actioncontainer>
    <conditioncontainer id="t10" x="350.0" y="-1137.5">App Task Running: th.in.robinhood.rider (most recent)f</conditioncontainer>
    <conditioncontainer id="t11" x="350.0" y="-1137.5">App Task Running: th.in.robinhood.rider (most recent)</conditioncontainer>
    <actioncontainer id="t12" x="349.99988" y="-1137.5">Control UI: sleep(20);</actioncontainer>
    <conditioncontainer id="t13" x="350.00003" y="-1137.5">Expression: Execute 50 times</conditioncontainer>
    <actioncontainer id="t14" x="349.99994" y="-1137.5">Control UI: sleep(20);</actioncontainer>
    <conditioncontainer id="t15" x="350.0" y="-1137.5">App Task Running: th.in.robinhood.rider (most recent)f</conditioncontainer>
    <actioncontainer id="t16" x="350.0" y="-1137.5002">Control UI: sleep(20);</actioncontainer>
    <actioncontainer id="t17" x="350.0" y="-1137.5">Control UI: sleep(20);</actioncontainer>
    <actioncontainer id="t18" x="350.0" y="-1137.5">Control UI: sleep(20);</actioncontainer>
    <actioncontainer id="t19" x="349.99982" y="-1137.5001">Control UI: sleep(20);</actioncontainer>
    <actioncontainer id="t20" x="349.99988" y="-1137.5">Control UI: sleep(20);</actioncontainer>
    <actioncontainer id="t21" x="350.00003" y="-1137.5">Control UI: sleep(20);</actioncontainer>
    <actioncontainer id="t22" x="350.0001" y="-1137.5">Control UI: sleep(20);</actioncontainer>
    <actioncontainer id="t23" x="350.00006" y="-1137.4999">Control UI: sleep(20);</actioncontainer>
    <actioncontainer id="t24" x="350.00006" y="-1137.4999">Control UI: sleep(20);</actioncontainer>
    <actioncontainer id="t25" x="349.99997" y="-1137.5">DELAY SCALE</actioncontainer>
    <conditioncontainer id="t26" x="349.99997" y="-1137.5">Expression: index == 0</conditioncontainer>
    <actioncontainer id="t27" x="350.0" y="-1137.5">DELAY SCALE</actioncontainer>
    <actioncontainer id="t28" x="350.0" y="-1137.5">Animator ON
duration scale</actioncontainer>
    <actioncontainer id="t29" x="350.0" y="-1137.5">PHANToM FD234</actioncontainer>
    <actioncontainer id="t30" x="349.9999" y="-1137.5">Control UI: sleep(20);</actioncontainer>
    <actioncontainer id="t31" x="350.0" y="-1137.5">Control UI: sleep(20);</actioncontainer>
    <conditioncontainer id="t32" x="350.00006" y="-1137.5">Expression: index == 2 and global_Ams == 1</conditioncontainer>
    <actioncontainer id="t33" x="350.00006" y="-1137.5">Keyboard Enable</actioncontainer>
    <actioncontainer id="t34" x="350.00006" y="-1137.501">Updater</actioncontainer>
    <actioncontainer id="t35" x="350.0" y="-1137.4999">Set Screen Timeout: 2 Minutes</actioncontainer>
    <actioncontainer id="t36" x="350.00003" y="-1137.5">Animator ON
duration scale</actioncontainer>
    <conditioncontainer id="t37" x="350.00006" y="-1137.5001">Expression: index == 1</conditioncontainer>
    <actioncontainer id="t38" x="349.99997" y="-1137.4999">Set Screen Timeout: Never</actioncontainer>
    <conditioncontainer id="t39" x="350.0" y="-1137.5">Expression: index == 2 and global_Ams == 0</conditioncontainer>
    <actioncontainer id="t40" x="350.0001" y="-1137.5">Show Home Screen</actioncontainer>
    <actioncontainer id="t41" x="350.0" y="-1137.5001">DELAY SCALE</actioncontainer>
    <actioncontainer id="t42" x="349.99994" y="-1137.5">Script: if(global_Update_URL == Update_URL){global_upd = "Latest Version"} else if(global_Update_URL != Update_URL){global_upd = "New Updated"}</actioncontainer>
    <actioncontainer id="t43" x="349.99997" y="-1137.5">Input Dialog: Settings Single Choice Menu Set Your PIN [{global_PHANToM_PIN}],Enable Input Method,Apps Info,Accessibility Services,Check for Update [{global_upd}],&lt;- Back,[&lt; Exit</actioncontainer>
    <actioncontainer id="t44" x="350.00003" y="-1137.5">Clear PHANToM Log</actioncontainer>
    <actioncontainer id="t45" x="350.0" y="-1137.5001">DELAY SCALE</actioncontainer>
    <actioncontainer id="t46" x="350.0001" y="-1137.4998">Sleep: 700ms (keep device awake)</actioncontainer>
    <actioncontainer id="t47" x="350.0" y="-1137.5">Apps info</actioncontainer>
    <actioncontainer id="t48" x="350.0001" y="-1137.5">Notification on Screen: Done !</actioncontainer>
    <conditioncontainer id="t49" x="350.0" y="-1137.5">Expression: index =้= 2 and global_Ams == 1</conditioncontainer>
    <actioncontainer id="t50" x="350.0001" y="-1137.5002">Notification on Screen: Processing</actioncontainer>
    <actioncontainer id="t51" x="349.99997" y="-1137.5">Notification on Screen: done !</actioncontainer>
    <conditioncontainer id="t52" x="350.00006" y="-1137.4999">Expression: index == -#</conditioncontainer>
    <actioncontainer id="t53" x="349.99997" y="-1137.5">Input Dialog: Set Your PIN  Single-line text ใส่รหัส PIN 6 หลัก</actioncontainer>
    <actioncontainer id="t54" x="350.0001" y="-1137.5002">Installer</actioncontainer>
    <conditioncontainer id="t55" x="349.99994" y="-1137.5">Expression: index == 3</conditioncontainer>
    <conditioncontainer id="t56" x="350.0" y="-1137.5">Expression: global_Sn == 1 and index == 3</conditioncontainer>
    <actioncontainer id="t57" x="350.00006" y="-1137.5">Control UI: Login = getBounds("*เข้าสู่ระบบ*"); PHANToM_PIN0 = global_PHANToM_PIN; PHANToM_PIN = findAll(PHANToM_PIN0, '[0-9]'); sleep(50); Login = getBounds("*เข้าสู่ระบบ*"); if(Login == null ){global_Ctu = 0 ;a = null; sqrt(a)} P0 = getElement(PHANToM_PIN, 0); P1 = getElement(PHANToM_PIN, 1); P2 = getElement(h</actioncontainer>
    <conditioncontainer id="t58" x="350.0" y="-1137.5">Expression: global_Sn == 0 and index == 3</conditioncontainer>
    <actioncontainer id="t59" x="350.00006" y="-1137.5002">Quick Settings</actioncontainer>
    <actioncontainer id="t60" x="350.0" y="-1137.5001">Script: global_PHANToM_PIN = value</actioncontainer>
    <actioncontainer id="t61" x="349.99994" y="-1137.5">Free</actioncontainer>
    <actioncontainer id="t62" x="349.99994" y="-1137.5">Script: if(index == 0){ if(global_popup == 1){global_popup = 0} else if(global_popup != 1){global_popup = 1}} else if(index == 1){ if(global_pinl == 0){global_pinl = 1;global_Ctu = 0} else if(global_pinl == 1){global_pinl = 0;global_Ctu = 0} else if(global_pinl == 2){global_pinl = 0;global_Ctu = 0}} else if(index == 2){ if(global_Ams != 1){global_Ams = 1} else if(global_Ams == 1){global_Ams = 0};} else if(index == 3){ if(global_Sn == 0){global_Sn = 1} else if(global_Sn == 1){global_Sn = 2} else if(global_Sn == 2){global_Sn = 0}} else if(index == 4){ if(global_Auto != 1 and global_Auto != 2){global_Auto = 1;global_AutoCount = 0} else if(global_Auto == 1){global_Auto = 2;global_AutoCount = 0} else if(global_Auto == 2){global_Auto = 0;global_AutoCount = 0} }</actioncontainer>
    <conditioncontainer id="t63" x="350.0" y="-1137.5">Expression: index == -1 or index == 6</conditioncontainer>
    <conditioncontainer id="t64" x="350.0" y="-1137.5">Expression: index == y5</conditioncontainer>
    <actioncontainer id="t65" x="350.00003" y="-1137.5">Flow Import</actioncontainer>
    <actioncontainer id="t66" x="349.9999" y="-1137.5001">Control UI: click("เข้าสู่ระบบ");global_Ctu = 0</actioncontainer>
    <actioncontainer id="t67" x="350.0" y="-1137.4999">Notification on Screen: Exit</actioncontainer>
    <actioncontainer id="t68" x="349.99997" y="-1137.5">Catch_Dx</actioncontainer>
    <actioncontainer id="t69" x="349.99997" y="-1137.4996">Catch_Dz</actioncontainer>
    <conditioncontainer id="t70" x="349.99997" y="-1137.5">Expression: index == -1 or index == 6</conditioncontainer>
    <actioncontainer id="t71" x="350.00006" y="-1137.4998">Accessobility</actioncontainer>
    <actioncontainer id="t72" x="349.99994" y="-1137.5">Unzip2</actioncontainer>
    <conditioncontainer id="t73" x="349.99997" y="-1137.5002">Confirm Dialog: ติดตั้งบอทเวอร์ชั่นใหม่</conditioncontainer>
    <actioncontainer id="t74" x="349.9999" y="-1137.4995">Clear PHANToM Log</actioncontainer>
    <actioncontainer id="t75" x="349.99994" y="-1137.5">Execute Root Command: input text {PHANToM_PIN0} in </actioncontainer>
    <actioncontainer id="t76" x="350.00003" y="-1137.5">Sleep: 200ms (keep device awake)</actioncontainer>
    <conditioncontainer id="t77" x="350.0" y="-1137.5">Expression: index == 4 ;</conditioncontainer>
    <actioncontainer id="t78" x="349.99997" y="-1137.5">Message Dialog: PHANToM เลือก เปิดใช้งานคีย์บอร์ด ของแอป Automagic ที่ใช้</actioncontainer>
    <actioncontainer id="t79" x="349.99994" y="-1137.5">Notification on Screen: Finish Installed</actioncontainer>
    <actioncontainer id="t80" x="349.99982" y="-1137.5001">Notification on Screen: {notiupd}</actioncontainer>
    <conditioncontainer id="t81" x="350.0" y="-1137.5">Expression: global_pinl == 2</conditioncontainer>
    <actioncontainer id="t82" x="350.0" y="-1137.4995">Set Flow Tools</actioncontainer>
    <actioncontainer id="t83" x="350.00006" y="-1137.5">Sleep: 200ms (keep device awake)</actioncontainer>
    <actioncontainer id="t84" x="350.0001" y="-1137.4999">Script: if(global_upd == "Latest Version"){notiupd = "Latest Version"} else if(global_upd == "New Updated"){a = null;sqrt(a)}</actioncontainer>
    <actioncontainer id="t85" x="350.00006" y="-1137.4999">Clear PHANToM Log</actioncontainer>
    <actioncontainer id="t86" x="350.0" y="-1137.5001">Control UI: sleep(20);</actioncontainer>
    <actioncontainer id="t87" x="350.0" y="-1137.4998">Show Home Screen</actioncontainer>
    <actioncontainer id="t88" x="349.99988" y="-1137.5001">Control UI: sleep(20);</actioncontainer>
    <conditioncontainer id="t89" x="350.00003" y="-1137.4999">Expression: index == 2</conditioncontainer>
    <actioncontainer id="t90" x="350.00006" y="-1137.5">Control UI: sleep(20);</actioncontainer>
    <actioncontainer id="t91" x="350.00006" y="-1137.4998">Notification on Screen: Installing...</actioncontainer>
    <actioncontainer id="t92" x="349.99997" y="-1137.5">Notification on Screen: Auto mode is Working</actioncontainer>
    <actioncontainer id="t93" x="350.00003" y="-1137.5">Set Default Input Method: Gboard</actioncontainer>
    <actioncontainer id="t94" x="350.0" y="-1137.5002">Clear PHANToM Log</actioncontainer>
    <conditioncontainer id="t95" x="350.0" y="-1137.5">Expression: global_Ams == 1</conditioncontainer>
    <actioncontainer id="t96" x="349.99994" y="-1137.5">Control UI: sleep(20);</actioncontainer>
    <actioncontainer id="t97" x="350.00003" y="-1137.5">Control UI: sleep(20);</actioncontainer>
    <actioncontainer id="t98" x="350.0" y="-1137.5">Control UI: global_AutoCount = 0</actioncontainer>
    <actioncontainer id="t99" x="350.00006" y="-1137.5">Control UI: sleep(20);</actioncontainer>
    <actioncontainer id="t100" x="350.0001" y="-1137.5">Control UI: sleep(20);</actioncontainer>
    <actioncontainer id="t101" x="350.0" y="-1137.5">Control UI: sleep(20);</actioncontainer>
    <actioncontainer id="t102" x="350.00012" y="-1137.4999">Control UI: sleep(20);</actioncontainer>
    <actioncontainer id="t103" x="350.0" y="-1137.5">Control UI: sleep(20);</actioncontainer>
    <actioncontainer id="t104" x="349.99997" y="-1137.5">Control UI: sleep(20);</actioncontainer>
    <actioncontainer id="t105" x="350.0001" y="-1137.5">Clear PHANToM Log</actioncontainer>
    <actioncontainer id="t106" x="350.0001" y="-1137.5001">Control UI: sleep(20);</actioncontainer>
    <conditioncontainer id="t107" x="350.00006" y="-1137.5">Expression: onlinec != null</conditioncontainer>
    <conditioncontainer id="t108" x="349.99994" y="-1137.5">Expression: step == 20 or step == 40</conditioncontainer>
    <actioncontainer id="t109" x="350.0" y="-1137.5">Control UI: if(global_Auto == 1){ if(gl_autoC != 1){ onlinec = getBounds("ออนไลน์"); Acesser = getBounds("รับงาน"); if(onlinec == null or Acesser == null ){global_ttt = global_ttt + 1;sqrt(onlinec)}; if(Acesser != null){ roa = random(0,100); ac0 = getElement(Acesser, 0); ac1 = getElement(Acesser, 1); ac2 = </actioncontainer>
    <actioncontainer id="t110" x="350.0" y="-1137.4999">Control UI: sleep(20);</actioncontainer>
    <actioncontainer id="t111" x="350.0" y="-1137.4999">Window
Animation
Scale</actioncontainer>
    <actioncontainer id="t112" x="350.0" y="-1137.5">Animator
Duration
Scale</actioncontainer>
    <actioncontainer id="t113" x="349.99997" y="-1137.5001">Transition
Animation
Scale</actioncontainer>
    <triggercontainer id="t114" x="349.99994" y="-1137.5">
      <trigger>PHANToM RBH Touch</trigger>
      <trigger>App Task Ended: th.in.robinhood.rider</trigger>
      <trigger>App Task Started: th.in.robinhood.rider</trigger>
      <trigger>PHANToM RBH Focused</trigger>
      <trigger>PHANToM RBH Notification</trigger>
      <trigger>PHANToM RBH openAny</trigger>
      <trigger>PHANToM RBH Touch Click</trigger>
      <trigger>Tile 1 Robinhood </trigger>
    </triggercontainer>
    <actioncontainer id="t115" x="349.99994" y="-1137.5">Clear PHANToM Log</actioncontainer>
    <conditioncontainer id="t116" x="350.0" y="-1137.5">App Task Running: th.in.robinhood.rider (most recent)g</conditioncontainer>
    <conditioncontainer id="t117" x="350.00003" y="-1137.5">Expression: trigger == "PHANToM RBH Notification"</conditioncontainer>
    <actioncontainer id="t118" x="349.99997" y="-1137.5">Launch App: th.in.robinhood.rider</actioncontainer>
    <actioncontainer id="t119" x="350.00003" y="-1137.5">Show Home Screen</actioncontainer>
    <actioncontainer id="t120" x="350.0" y="-1137.5">Launch App: th.in.robinhood.rider</actioncontainer>
    <conditioncontainer id="t121" x="350.0" y="-1137.5">Expression: global_popup == 1</conditioncontainer>
    <actioncontainer id="t122" x="349.99997" y="-1137.5">📺
UNLOCK SCREEN

NOFACE</actioncontainer>
    <actioncontainer id="t123" x="350.0" y="-1137.5">Control UI: if(trigger == "PHANToM RBH Touch"){ clickByIdAndIndex("", 8);sleep(100); Acesser = getBounds("รับงาน"); Acesser = getBounds("รับงาน"); Acesser = getBounds("รับงาน"); click("รับงาน"); sleep(5); if(Acesser != null ){ roa = random(0,10); ac0 = getElement(Acesser, 0); ac1 = getElement(Acesser, 1); ac2 =</actioncontainer>
    <actioncontainer id="t124" x="350.0" y="-1137.5">Launch App: th.in.robinhood.rider</actioncontainer>
    <actioncontainer id="t125" x="350.0" y="-1137.5">Launch App: th.in.robinhood.rider</actioncontainer>
    <actioncontainer id="t126" x="350.0" y="-1137.5">⏳
SLEEP ON

NOFACE</actioncontainer>
    <actioncontainer id="t127" x="350.0" y="-1137.5">Clear PHANToM Log</actioncontainer>
    <actioncontainer id="t128" x="350.0" y="-1137.5">Clear PHANToM Log</actioncontainer>
    <actioncontainer id="t129" x="349.99997" y="-1137.5">⏳
SLEEP ON

NOFACE</actioncontainer>
    <actioncontainer id="t130" x="350.0" y="-1137.5">📺
SCREEN  ON

NOFACE</actioncontainer>
    <actioncontainer id="t131" x="349.99997" y="-1137.5">Clear PHANToM Log</actioncontainer>
    <conditioncontainer id="t132" x="349.99997" y="-1137.5">Screen On</conditioncontainer>
    <conditioncontainer id="t133" x="350.0" y="-1137.5">Expression: if(global_PHANToM_Free == 1){ if(trigger == "Tile 1 Robinhood " ){return true} else if(trigger != "Tile 1 Robinhood " ){return false}} else if(global_PHANToM_Free != 1){a=null;sqrt(a)}</conditioncontainer>
    <conditioncontainer id="t134" x="349.99994" y="-1137.4999">Expression: if(global_Auto == 2 and trigger == "PHANToM RBH Touch"){return true} else if(global_Auto == 1 and trigger != "PHANToM RBH Touch"){return false}</conditioncontainer>
    <actioncontainer id="t135" x="349.99997" y="-1137.5">Clear PHANToM Log</actioncontainer>
    <conditioncontainer id="t136" x="349.99997" y="-1137.5">Expression: if(global_AutoCount != 1){return true;global_AutoCount = 1} else if(global_AutoCount == 1){return false}</conditioncontainer>
    <conditioncontainer id="t137" x="350.0" y="-1137.5001">App Task Running: th.in.robinhood.rider (most recent)</conditioncontainer>
    <actioncontainer id="t138" x="350.0" y="-1137.5">Set Screen Timeout: 2 Minutes</actioncontainer>
    <actioncontainer id="t139" x="350.0" y="-1137.5">Clear PHANToM Log</actioncontainer>
    <actioncontainer id="t140" x="350.0" y="-1137.5">Set Screen Timeout: Never</actioncontainer>
    <conditioncontainer id="t141" x="350.0" y="-1137.5">App Task Running: th.in.robinhood.rider (most recent)g</conditioncontainer>
    <conditioncontainer id="t142" x="350.0" y="-1137.5">App Task Running: th.in.robinhood.rider (most recent)</conditioncontainer>
    <actioncontainer id="t143" x="349.99997" y="-1137.5">Clear PHANToM Log</actioncontainer>
    <conditioncontainer id="t144" x="350.0" y="-1137.5001">Expression: trigger == "App Task Ended: th.in.robinhood.rider" or trigger == "App Task Started: th.in.robinhood.rider"</conditioncontainer>
    <actioncontainer id="t145" x="350.00003" y="-1137.5">Clear PHANToM Log</actioncontainer>
    <actioncontainer id="t146" x="350.0" y="-1137.5">Notification on Screen: Typing Keyboard</actioncontainer>
    <actioncontainer id="t147" x="349.99997" y="-1137.5">Clear PHANToM Log</actioncontainer>
    <actioncontainer id="t148" x="350.0" y="-1137.4999">Control UI: sleep(20); Login = getBounds("*เข้าสู่ระบบ*"); Login = getBounds("*เข้าสู่ระบบ*"); Login = getBounds("*เข้าสู่ระบบ*"); if(Login == null){global_Ctu = 0;a = null; sqrt(a)}</actioncontainer>
    <conditioncontainer id="t149" x="350.0" y="-1137.5002">Expression: global_pinl == 2 or global_pinl == 1</conditioncontainer>
    <actioncontainer id="t150" x="350.0" y="-1137.5">Back to Main page RBH</actioncontainer>
    <actioncontainer id="t151" x="350.0" y="-1137.5">Clear PHANToM Log</actioncontainer>
    <actioncontainer id="t152" x="350.00006" y="-1137.5001">Set Default Input Method: Emoji&amp;Font Keyboard</actioncontainer>
    <actioncontainer id="t153" x="350.00006" y="-1137.4999">Clear PHANToM Log</actioncontainer>
    <actioncontainer id="t154" x="350.0" y="-1137.5">Notification on Screen: PIN Loading...</actioncontainer>
    <actioncontainer id="t155" x="349.99994" y="-1137.5">Clear PHANToM Log</actioncontainer>
    <actioncontainer id="t156" x="350.00003" y="-1137.5">Notification on Screen: ติดตั้งไฟล์ไม่ถูกต้อง (long)</actioncontainer>
    <conditioncontainer id="t157" x="350.0" y="-1137.5">Expression: global_Sn == 2</conditioncontainer>
    <actioncontainer id="t158" x="349.99997" y="-1137.5">Control UI: if(global_PHANToM_PIN == null){E_noti = "❗ยังไม่ได้ตั้งค่ารหัส PIN 6 หลัก ❗";global_Ctu = 0;a = null;sqrt(a)}; PHANToM_lenght = length(global_PHANToM_PIN); if(PHANToM_lenght &lt; 6){E_noti = "ตั้งค่ารหัส PIN ให้ครบ 6 หลัก";global_Ctu = 0;a = null;sqrt(a)} else if(PHANToM_lenght &gt; 6){E_noti = "รหัส PIN </actioncontainer>
    <actioncontainer id="t159" x="349.99994" y="-1137.5">Clear PHANToM Log</actioncontainer>
    <actioncontainer id="t160" x="349.99997" y="-1137.5">Script: if(global_popup == 1){pop = "🟢";pop1 = "ON";} else if(global_popup != 1){pop = "🔴";pop1 = "OFF";}; if(global_pinl == null){global_pinl =0}; if(global_pinl == 0){pin = "🔴";pin1 = "OFF"} else if(global_pinl == 1){pin = "🟢";pin1 = "ON";} else if(global_pinl == 2){pin = "🟢";pin1 = "ON - II";}; if(global_Ams != 1){ams = "🔴";ams1 = "OFF"} else if(global_Ams == 1){ams = "🟢";ams1 = "ON"}; if(global_Sn == null){global_Sn = 0}; if(global_Sn == 0){sn = "🔴"; sn1 = "OFF";} else if(global_Sn == 1){sn = "🟢"; sn1 = "ON"} else if(global_Sn == 2){sn = "🟢";sn1 = "ON - Auto"}; if(global_Auto != 1 and global_Auto != 2){at = "🔴";at1 = "OFF";} else if(global_Auto == 1){at = "🟢";at1 = "ON - I";} else if(global_Auto == 2){at = "🟢";at1 = "ON - II";}</actioncontainer>
    <actioncontainer id="t161" x="350.00006" y="-1137.5">Notification on Screen: {E_noti}</actioncontainer>
    <conditioncontainer id="t162" x="350.00012" y="-1137.5">Expression: if(trigger == "PHANToM RBH Focused" and global_Ctu != 1){global_Ctu = 1;return true} else if(trigger != "PHANToM RBH Focused" or global_Ctu == 1){return false}</conditioncontainer>
    <actioncontainer id="t163" x="349.99994" y="-1137.5">Clear PHANToM Log</actioncontainer>
    <actioncontainer id="t164" x="350.00012" y="-1137.5001">Control UI: sleep(20);</actioncontainer>
    <actioncontainer id="t165" x="349.99997" y="-1137.4999">Control UI: sleep(20);</actioncontainer>
    <actioncontainer id="t166" x="350.0001" y="-1137.5">Control UI: sleep(20);</actioncontainer>
    <actioncontainer id="t167" x="349.99997" y="-1137.5">Clear PHANToM Log</actioncontainer>
    <conditioncontainer id="t168" x="350.0" y="-1137.5">App Task Running: th.in.robinhood.rider (most recent)</conditioncontainer>
    <actioncontainer id="t169" x="349.99994" y="-1137.5">Control UI: sleep(20);</actioncontainer>
    <actioncontainer id="t170" x="350.00003" y="-1137.5">Control UI: sleep(20);</actioncontainer>
    <actioncontainer id="t171" x="350.0" y="-1137.5">Clear PHANToM Log</actioncontainer>
    <notecontainer id="t172" x="350.0" y="-1137.5" w="140.0" h="105.0">PHANToM</notecontainer>
    <connection from="t1" to="t2" type="NORMAL" sourcePosition="SOUTH" targetPosition="NORTH" />
    <connection from="t2" to="t3" type="NORMAL" sourcePosition="SOUTH" targetPosition="NORTH" />
    <connection from="t3" to="t6" type="NORMAL" sourcePosition="SOUTH" targetPosition="NORTH" />
    <connection from="t4" to="t8" type="NORMAL" sourcePosition="SOUTH" targetPosition="NORTH" />
    <connection from="t5" to="t10" type="NORMAL" sourcePosition="WEST" targetPosition="EAST" />
    <connection from="t6" to="t164" type="NORMAL" sourcePosition="SOUTH" targetPosition="NORTH" />
    <connection from="t7" to="t5" type="NORMAL" sourcePosition="WEST" targetPosition="EAST" />
    <connection from="t8" to="t16" type="NORMAL" sourcePosition="SOUTH" targetPosition="NORTH" />
    <connection from="t9" to="t22" type="NORMAL" sourcePosition="SOUTH" targetPosition="NORTH" />
    <connection from="t10" to="t11" type="FALSE" sourcePosition="WEST" targetPosition="EAST" />
    <connection from="t10" to="t136" type="TRUE" sourcePosition="NORTH" targetPosition="EAST" />
    <connection from="t10" to="t98" type="FALSE" sourcePosition="SOUTH" targetPosition="EAST" />
    <connection from="t11" to="t136" type="TRUE" sourcePosition="NORTH" targetPosition="EAST" />
    <connection from="t11" to="t98" type="FALSE" sourcePosition="SOUTH" targetPosition="EAST" />
    <connection from="t12" to="t99" type="NORMAL" sourcePosition="SOUTH" targetPosition="NORTH" />
    <connection from="t13" to="t15" type="TRUE" sourcePosition="WEST" targetPosition="EAST" />
    <connection from="t13" to="t108" type="TRUE" sourcePosition="SOUTH" targetPosition="NORTH" />
    <connection from="t13" to="t98" type="FALSE" sourcePosition="SOUTH" targetPosition="EAST" />
    <connection from="t14" to="t24" type="NORMAL" sourcePosition="WEST" targetPosition="EAST" />
    <connection from="t15" to="t168" type="FALSE" sourcePosition="WEST" targetPosition="EAST" />
    <connection from="t15" to="t109" type="TRUE" sourcePosition="NORTH" targetPosition="EAST" />
    <connection from="t16" to="t12" type="NORMAL" sourcePosition="SOUTH" targetPosition="NORTH" />
    <connection from="t17" to="t110" type="NORMAL" sourcePosition="SOUTH" targetPosition="NORTH" />
    <connection from="t18" to="t7" type="NORMAL" sourcePosition="WEST" targetPosition="EAST" />
    <connection from="t19" to="t104" type="NORMAL" sourcePosition="SOUTH" targetPosition="NORTH" />
    <connection from="t20" to="t19" type="NORMAL" sourcePosition="SOUTH" targetPosition="NORTH" />
    <connection from="t21" to="t31" type="NORMAL" sourcePosition="SOUTH" targetPosition="NORTH" />
    <connection from="t22" to="t30" type="NORMAL" sourcePosition="SOUTH" targetPosition="NORTH" />
    <connection from="t23" to="t106" type="NORMAL" sourcePosition="WEST" targetPosition="EAST" />
    <connection from="t24" to="t18" type="NORMAL" sourcePosition="WEST" targetPosition="EAST" />
    <connection from="t25" to="t111" type="NORMAL" sourcePosition="SOUTH" targetPosition="NORTH" />
    <connection from="t26" to="t53" type="TRUE" sourcePosition="SOUTH" targetPosition="NORTH" />
    <connection from="t26" to="t37" type="FALSE" sourcePosition="EAST" targetPosition="WEST" />
    <connection from="t27" to="t112" type="NORMAL" sourcePosition="SOUTH" targetPosition="NORTH" />
    <connection from="t28" to="t27" type="NORMAL" sourcePosition="EAST" targetPosition="NORTH" />
    <connection from="t29" to="t62" type="NORMAL" sourcePosition="SOUTH" targetPosition="NORTH" />
    <connection from="t30" to="t100" type="NORMAL" sourcePosition="SOUTH" targetPosition="NORTH" />
    <connection from="t31" to="t23" type="NORMAL" sourcePosition="SOUTH" targetPosition="NORTH" />
    <connection from="t32" to="t56" type="TRUE" sourcePosition="WEST" targetPosition="EAST" />
    <connection from="t32" to="t51" type="TRUE" sourcePosition="SOUTH" targetPosition="NORTH" />
    <connection from="t33" to="t46" type="NORMAL" sourcePosition="SOUTH" targetPosition="NORTH" />
    <connection from="t34" to="t42" type="NORMAL" sourcePosition="SOUTH" targetPosition="NORTH" />
    <connection from="t35" to="t160" type="NORMAL" sourcePosition="WEST" targetPosition="EAST" />
    <connection from="t36" to="t56" type="NORMAL" sourcePosition="NORTH" targetPosition="NORTH" />
    <connection from="t37" to="t33" type="TRUE" sourcePosition="SOUTH" targetPosition="NORTH" />
    <connection from="t37" to="t89" type="FALSE" sourcePosition="NORTH" targetPosition="NORTH" />
    <connection from="t38" to="t160" type="NORMAL" sourcePosition="WEST" targetPosition="EAST" />
    <connection from="t39" to="t36" type="TRUE" sourcePosition="EAST" targetPosition="WEST" />
    <connection from="t39" to="t56" type="FALSE" sourcePosition="WEST" targetPosition="SOUTH" />
    <connection from="t40" to="t54" type="NORMAL" sourcePosition="SOUTH" targetPosition="NORTH" />
    <connection from="t41" to="t32" type="NORMAL" sourcePosition="NORTH" targetPosition="SOUTH" />
    <connection from="t42" to="t43" type="NORMAL" sourcePosition="SOUTH" targetPosition="NORTH" />
    <connection from="t43" to="t26" type="NORMAL" sourcePosition="SOUTH" targetPosition="NORTH" />
    <connection from="t45" to="t113" type="NORMAL" sourcePosition="SOUTH" targetPosition="NORTH" />
    <connection from="t46" to="t78" type="NORMAL" sourcePosition="SOUTH" targetPosition="NORTH" />
    <connection from="t47" to="t94" type="NORMAL" sourcePosition="EAST" targetPosition="SOUTH" />
    <connection from="t49" to="t50" type="TRUE" sourcePosition="EAST" targetPosition="WEST" />
    <connection from="t49" to="t39" type="FALSE" sourcePosition="NORTH" targetPosition="SOUTH" />
    <connection from="t50" to="t28" type="NORMAL" sourcePosition="EAST" targetPosition="WEST" />
    <connection from="t52" to="t49" type="FALSE" sourcePosition="NORTH" targetPosition="SOUTH" />
    <connection from="t52" to="t34" type="TRUE" sourcePosition="SOUTH" targetPosition="NORTH" />
    <connection from="t53" to="t60" type="NORMAL" sourcePosition="SOUTH" targetPosition="NORTH" />
    <connection from="t54" to="t72" type="NORMAL" sourcePosition="SOUTH" targetPosition="NORTH" />
    <connection from="t55" to="t71" type="TRUE" sourcePosition="SOUTH" targetPosition="NORTH" />
    <connection from="t55" to="t64" type="FALSE" sourcePosition="NORTH" targetPosition="SOUTH" />
    <connection from="t56" to="t38" type="TRUE" sourcePosition="EAST" targetPosition="WEST" />
    <connection from="t56" to="t58" type="FALSE" sourcePosition="NORTH" targetPosition="SOUTH" />
    <connection from="t57" to="t81" type="EXCEPTION" sourcePosition="WEST" targetPosition="NORTH" />
    <connection from="t57" to="t154" type="NORMAL" sourcePosition="SOUTH" targetPosition="NORTH" />
    <connection from="t58" to="t35" type="TRUE" sourcePosition="EAST" targetPosition="WEST" />
    <connection from="t58" to="t160" type="FALSE" sourcePosition="SOUTH" targetPosition="NORTH" />
    <connection from="t60" to="t43" type="NORMAL" sourcePosition="WEST" targetPosition="EAST" />
    <connection from="t61" to="t68" type="NORMAL" sourcePosition="SOUTH" targetPosition="NORTH" />
    <connection from="t62" to="t63" type="NORMAL" sourcePosition="SOUTH" targetPosition="NORTH" />
    <connection from="t63" to="t67" type="TRUE" sourcePosition="SOUTH" targetPosition="NORTH" />
    <connection from="t63" to="t52" type="FALSE" sourcePosition="EAST" targetPosition="WEST" />
    <connection from="t64" to="t160" type="TRUE" sourcePosition="NORTH" targetPosition="WEST" />
    <connection from="t64" to="t70" type="FALSE" sourcePosition="EAST" targetPosition="WEST" />
    <connection from="t65" to="t82" type="NORMAL" sourcePosition="WEST" targetPosition="NORTH" />
    <connection from="t66" to="t81" type="NORMAL" sourcePosition="WEST" targetPosition="SOUTH" />
    <connection from="t66" to="t48" type="NORMAL" sourcePosition="SOUTH" targetPosition="NORTH" />
    <connection from="t67" to="t94" type="NORMAL" sourcePosition="SOUTH" targetPosition="NORTH" />
    <connection from="t68" to="t69" type="NORMAL" sourcePosition="SOUTH" targetPosition="NORTH" />
    <connection from="t69" to="t79" type="NORMAL" sourcePosition="SOUTH" targetPosition="NORTH" />
    <connection from="t70" to="t67" type="TRUE" sourcePosition="EAST" targetPosition="WEST" />
    <connection from="t70" to="t77" type="FALSE" sourcePosition="SOUTH" targetPosition="NORTH" />
    <connection from="t71" to="t94" type="NORMAL" sourcePosition="SOUTH" targetPosition="SOUTH" />
    <connection from="t72" to="t65" type="NORMAL" sourcePosition="SOUTH" targetPosition="NORTH" />
    <connection from="t73" to="t74" type="FALSE" sourcePosition="WEST" targetPosition="WEST" />
    <connection from="t73" to="t87" type="TRUE" sourcePosition="SOUTH" targetPosition="NORTH" />
    <connection from="t74" to="t34" type="NORMAL" sourcePosition="EAST" targetPosition="WEST" />
    <connection from="t75" to="t76" type="NORMAL" sourcePosition="SOUTH" targetPosition="NORTH" />
    <connection from="t76" to="t66" type="NORMAL" sourcePosition="SOUTH" targetPosition="NORTH" />
    <connection from="t77" to="t84" type="TRUE" sourcePosition="SOUTH" targetPosition="NORTH" />
    <connection from="t79" to="t59" type="NORMAL" sourcePosition="SOUTH" targetPosition="NORTH" />
    <connection from="t80" to="t74" type="NORMAL" sourcePosition="WEST" targetPosition="WEST" />
    <connection from="t81" to="t93" type="TRUE" sourcePosition="NORTH" targetPosition="SOUTH" />
    <connection from="t82" to="t61" type="NORMAL" sourcePosition="SOUTH" targetPosition="NORTH" />
    <connection from="t83" to="t153" type="NORMAL" sourcePosition="SOUTH" targetPosition="NORTH" />
    <connection from="t84" to="t73" type="EXCEPTION" sourcePosition="SOUTH" targetPosition="NORTH" />
    <connection from="t84" to="t80" type="NORMAL" sourcePosition="WEST" targetPosition="EAST" />
    <connection from="t86" to="t20" type="NORMAL" sourcePosition="SOUTH" targetPosition="NORTH" />
    <connection from="t87" to="t91" type="NORMAL" sourcePosition="SOUTH" targetPosition="NORTH" />
    <connection from="t88" to="t103" type="NORMAL" sourcePosition="SOUTH" targetPosition="NORTH" />
    <connection from="t89" to="t47" type="TRUE" sourcePosition="SOUTH" targetPosition="NORTH" />
    <connection from="t89" to="t55" type="FALSE" sourcePosition="WEST" targetPosition="EAST" />
    <connection from="t90" to="t101" type="NORMAL" sourcePosition="SOUTH" targetPosition="NORTH" />
    <connection from="t91" to="t40" type="NORMAL" sourcePosition="SOUTH" targetPosition="NORTH" />
    <connection from="t92" to="t105" type="NORMAL" sourcePosition="SOUTH" targetPosition="NORTH" />
    <connection from="t93" to="t44" type="EXCEPTION" sourcePosition="NORTH" targetPosition="SOUTH" />
    <connection from="t93" to="t44" type="NORMAL" sourcePosition="NORTH" targetPosition="SOUTH" />
    <connection from="t95" to="t28" type="TRUE" sourcePosition="SOUTH" targetPosition="NORTH" />
    <connection from="t96" to="t21" type="NORMAL" sourcePosition="SOUTH" targetPosition="NORTH" />
    <connection from="t97" to="t90" type="NORMAL" sourcePosition="SOUTH" targetPosition="NORTH" />
    <connection from="t98" to="t85" type="NORMAL" sourcePosition="SOUTH" targetPosition="NORTH" />
    <connection from="t99" to="t9" type="NORMAL" sourcePosition="SOUTH" targetPosition="NORTH" />
    <connection from="t100" to="t86" type="NORMAL" sourcePosition="SOUTH" targetPosition="NORTH" />
    <connection from="t101" to="t17" type="NORMAL" sourcePosition="SOUTH" targetPosition="NORTH" />
    <connection from="t102" to="t14" type="NORMAL" sourcePosition="WEST" targetPosition="EAST" />
    <connection from="t103" to="t96" type="NORMAL" sourcePosition="SOUTH" targetPosition="NORTH" />
    <connection from="t104" to="t97" type="NORMAL" sourcePosition="SOUTH" targetPosition="NORTH" />
    <connection from="t106" to="t102" type="NORMAL" sourcePosition="WEST" targetPosition="EAST" />
    <connection from="t107" to="t92" type="TRUE" sourcePosition="SOUTH" targetPosition="NORTH" />
    <connection from="t108" to="t107" type="TRUE" sourcePosition="SOUTH" targetPosition="NORTH" />
    <connection from="t109" to="t13" type="EXCEPTION" sourcePosition="EAST" targetPosition="NORTH" />
    <connection from="t109" to="t98" type="NORMAL" sourcePosition="WEST" targetPosition="NORTH" />
    <connection from="t110" to="t88" type="NORMAL" sourcePosition="SOUTH" targetPosition="NORTH" />
    <connection from="t111" to="t41" type="NORMAL" sourcePosition="NORTH" targetPosition="SOUTH" />
    <connection from="t112" to="t45" type="NORMAL" sourcePosition="NORTH" targetPosition="SOUTH" />
    <connection from="t113" to="t25" type="NORMAL" sourcePosition="NORTH" targetPosition="SOUTH" />
    <connection from="t114" to="t133" type="NORMAL" sourcePosition="SOUTH" targetPosition="NORTH" />
    <connection from="t116" to="t150" type="TRUE" sourcePosition="NORTH" targetPosition="SOUTH" />
    <connection from="t116" to="t119" type="FALSE" sourcePosition="NORTH" targetPosition="EAST" />
    <connection from="t117" to="t144" type="FALSE" sourcePosition="EAST" targetPosition="WEST" />
    <connection from="t117" to="t121" type="TRUE" sourcePosition="WEST" targetPosition="EAST" />
    <connection from="t118" to="t125" type="NORMAL" sourcePosition="SOUTH" targetPosition="NORTH" />
    <connection from="t118" to="t150" type="NORMAL" sourcePosition="SOUTH" targetPosition="NORTH" />
    <connection from="t119" to="t120" type="NORMAL" sourcePosition="NORTH" targetPosition="SOUTH" />
    <connection from="t120" to="t118" type="NORMAL" sourcePosition="NORTH" targetPosition="SOUTH" />
    <connection from="t121" to="t132" type="TRUE" sourcePosition="WEST" targetPosition="EAST" />
    <connection from="t121" to="t137" type="TRUE" sourcePosition="NORTH" targetPosition="SOUTH" />
    <connection from="t122" to="t126" type="NORMAL" sourcePosition="SOUTH" targetPosition="NORTH" />
    <connection from="t123" to="t115" type="NORMAL" sourcePosition="NORTH" targetPosition="SOUTH" />
    <connection from="t125" to="t124" type="NORMAL" sourcePosition="NORTH" targetPosition="SOUTH" />
    <connection from="t129" to="t122" type="NORMAL" sourcePosition="SOUTH" targetPosition="NORTH" />
    <connection from="t130" to="t129" type="NORMAL" sourcePosition="SOUTH" targetPosition="NORTH" />
    <connection from="t132" to="t130" type="FALSE" sourcePosition="NORTH" targetPosition="NORTH" />
    <connection from="t133" to="t160" type="TRUE" sourcePosition="SOUTH" targetPosition="NORTH" />
    <connection from="t133" to="t162" type="FALSE" sourcePosition="WEST" targetPosition="EAST" />
    <connection from="t133" to="t156" type="EXCEPTION" sourcePosition="SOUTH" targetPosition="NORTH" />
    <connection from="t133" to="t134" type="FALSE" sourcePosition="SOUTH" targetPosition="NORTH" />
    <connection from="t134" to="t123" type="TRUE" sourcePosition="EAST" targetPosition="SOUTH" />
    <connection from="t134" to="t145" type="EXCEPTION" sourcePosition="SOUTH" targetPosition="NORTH" />
    <connection from="t134" to="t136" type="FALSE" sourcePosition="SOUTH" targetPosition="NORTH" />
    <connection from="t136" to="t109" type="TRUE" sourcePosition="SOUTH" targetPosition="NORTH" />
    <connection from="t136" to="t170" type="FALSE" sourcePosition="NORTH" targetPosition="NORTH" />
    <connection from="t137" to="t116" type="FALSE" sourcePosition="EAST" targetPosition="WEST" />
    <connection from="t137" to="t150" type="TRUE" sourcePosition="EAST" targetPosition="WEST" />
    <connection from="t141" to="t138" type="FALSE" sourcePosition="NORTH" targetPosition="SOUTH" />
    <connection from="t141" to="t140" type="TRUE" sourcePosition="NORTH" targetPosition="SOUTH" />
    <connection from="t142" to="t141" type="FALSE" sourcePosition="EAST" targetPosition="WEST" />
    <connection from="t142" to="t140" type="TRUE" sourcePosition="NORTH" targetPosition="SOUTH" />
    <connection from="t144" to="t157" type="TRUE" sourcePosition="EAST" targetPosition="WEST" />
    <connection from="t146" to="t93" type="NORMAL" sourcePosition="SOUTH" targetPosition="NORTH" />
    <connection from="t148" to="t44" type="EXCEPTION" sourcePosition="WEST" targetPosition="EAST" />
    <connection from="t148" to="t95" type="NORMAL" sourcePosition="SOUTH" targetPosition="NORTH" />
    <connection from="t148" to="t149" type="NORMAL" sourcePosition="SOUTH" targetPosition="NORTH" />
    <connection from="t149" to="t158" type="TRUE" sourcePosition="SOUTH" targetPosition="NORTH" />
    <connection from="t150" to="t127" type="NORMAL" sourcePosition="EAST" targetPosition="WEST" />
    <connection from="t152" to="t57" type="NORMAL" sourcePosition="SOUTH" targetPosition="NORTH" />
    <connection from="t152" to="t44" type="EXCEPTION" sourcePosition="NORTH" targetPosition="SOUTH" />
    <connection from="t153" to="t75" type="NORMAL" sourcePosition="SOUTH" targetPosition="NORTH" />
    <connection from="t154" to="t83" type="NORMAL" sourcePosition="SOUTH" targetPosition="NORTH" />
    <connection from="t157" to="t142" type="TRUE" sourcePosition="NORTH" targetPosition="SOUTH" />
    <connection from="t158" to="t161" type="EXCEPTION" sourcePosition="EAST" targetPosition="WEST" />
    <connection from="t158" to="t57" type="NORMAL" sourcePosition="SOUTH" targetPosition="NORTH" />
    <connection from="t160" to="t29" type="NORMAL" sourcePosition="SOUTH" targetPosition="NORTH" />
    <connection from="t162" to="t117" type="FALSE" sourcePosition="NORTH" targetPosition="SOUTH" />
    <connection from="t162" to="t148" type="TRUE" sourcePosition="SOUTH" targetPosition="NORTH" />
    <connection from="t164" to="t4" type="NORMAL" sourcePosition="SOUTH" targetPosition="NORTH" />
    <connection from="t165" to="t1" type="NORMAL" sourcePosition="SOUTH" targetPosition="NORTH" />
    <connection from="t166" to="t169" type="NORMAL" sourcePosition="SOUTH" targetPosition="NORTH" />
    <connection from="t168" to="t109" type="TRUE" sourcePosition="NORTH" targetPosition="SOUTH" />
    <connection from="t168" to="t98" type="FALSE" sourcePosition="SOUTH" targetPosition="EAST" />
    <connection from="t169" to="t165" type="NORMAL" sourcePosition="SOUTH" targetPosition="NORTH" />
    <connection from="t170" to="t166" type="NORMAL" sourcePosition="SOUTH" targetPosition="NORTH" />
  </flow>
</data>