<?xml version='1.0' encoding='UTF-8' standalone='yes' ?>
<data version="1.38.0">
  <trigger type="app_task_ended">
    <useDefaultName>true</useDefaultName>
    <name>App Task Ended: th.in.robinhood.rider</name>
    <enabled>true</enabled>
    <method>USAGE_STATISTICS</method>
    <packageNameFilter>th.in.robinhood.rider</packageNameFilter>
  </trigger>
  <trigger type="app_task_started">
    <useDefaultName>true</useDefaultName>
    <name>App Task Started: th.in.robinhood.rider</name>
    <enabled>true</enabled>
    <method>USAGE_STATISTICS</method>
    <packageNameFilter>th.in.robinhood.rider</packageNameFilter>
  </trigger>
  <trigger type="user_interface_event">
    <useDefaultName>false</useDefaultName>
    <name>PHANToM RBH Focused</name>
    <enabled>true</enabled>
    <accessibilityEventType>TYPE_VIEW_FOCUSED</accessibilityEventType>
    <packageNameFilter>th.in.robinhood.rider</packageNameFilter>
    <textMatchType>CONTAINS_TEXT</textMatchType>
    <textFilter></textFilter>
    <removeNonPrintableCharacters>false</removeNonPrintableCharacters>
  </trigger>
  <trigger type="notification_status_bar_displayed">
    <useDefaultName>false</useDefaultName>
    <name>PHANToM RBH Notification</name>
    <enabled>true</enabled>
    <packageNameFilter>th.in.robinhood.rider</packageNameFilter>
    <textMatchField>TEXT</textMatchField>
    <textMatchType>CONTAINS_TEXT</textMatchType>
    <textFilter></textFilter>
    <ignoreRegular>false</ignoreRegular>
    <ignoreOngoing>false</ignoreOngoing>
    <ignoreGroupSummary>false</ignoreGroupSummary>
  </trigger>
  <trigger type="user_interface_event">
    <useDefaultName>false</useDefaultName>
    <name>PHANToM RBH openAny</name>
    <enabled>true</enabled>
    <accessibilityEventType>TYPE_WINDOW_STATE_CHANGED</accessibilityEventType>
    <packageNameFilter>th.in.robinhood.rider</packageNameFilter>
    <textMatchType>CONTAINS_TEXT</textMatchType>
    <textFilter></textFilter>
    <removeNonPrintableCharacters>false</removeNonPrintableCharacters>
  </trigger>
  <trigger type="user_interface_event">
    <useDefaultName>false</useDefaultName>
    <name>PHANToM RBH Touch Click</name>
    <enabled>true</enabled>
    <accessibilityEventType>TYPE_VIEW_CLICKED</accessibilityEventType>
    <packageNameFilter>th.in.robinhood.rider</packageNameFilter>
    <textMatchType>CONTAINS_TEXT</textMatchType>
    <textFilter></textFilter>
    <removeNonPrintableCharacters>false</removeNonPrintableCharacters>
  </trigger>
  <trigger type="quick_settings_tile_selected">
    <useDefaultName>false</useDefaultName>
    <name>Tile 1 Robinhood </name>
    <enabled>true</enabled>
    <tileID>TILE_1</tileID>
    <label>RBH Tools</label>
    <iconType>CUSTOM</iconType>
    <icon>STAR_FULL</icon>
    <customIconPath>/storage/emulated/0/PHANToM icon.png</customIconPath>
    <shouldCollapsePanel>true</shouldCollapsePanel>
  </trigger>
  <condition type="app_task_running">
    <useDefaultName>true</useDefaultName>
    <name>App Task Running: th.in.robinhood.rider (most recent)</name>
    <method>USAGE_STATISTICS</method>
    <packageNameList>th.in.robinhood.rider</packageNameList>
    <checkMostRecentAppTaskOnly>true</checkMostRecentAppTaskOnly>
  </condition>
  <condition type="app_task_running">
    <useDefaultName>false</useDefaultName>
    <name>App Task Running: th.in.robinhood.rider (most recent)f</name>
    <method>CLASSIC</method>
    <packageNameList>th.in.robinhood.rider</packageNameList>
    <checkMostRecentAppTaskOnly>true</checkMostRecentAppTaskOnly>
  </condition>
  <condition type="app_task_running">
    <useDefaultName>false</useDefaultName>
    <name>App Task Running: th.in.robinhood.rider (most recent)g</name>
    <method>CLASSIC</method>
    <packageNameList>th.in.robinhood.rider</packageNameList>
    <checkMostRecentAppTaskOnly>true</checkMostRecentAppTaskOnly>
  </condition>
  <condition type="expression">
    <useDefaultName>false</useDefaultName>
    <name>Expression: Execute 50 times</name>
    <expression>if (step == null) step = 0;

if (step &lt; 300)
{
  step = step + 1;

  return true;
}
else
{ 
  step = null;
  return false;global_ttt = 0;
}</expression>
  </condition>
  <condition type="expression">
    <useDefaultName>true</useDefaultName>
    <name>Expression: global_Ams == 1</name>
    <expression>global_Ams == 1</expression>
  </condition>
  <condition type="expression">
    <useDefaultName>true</useDefaultName>
    <name>Expression: global_pinl == 2</name>
    <expression>global_pinl == 2</expression>
  </condition>
  <condition type="expression">
    <useDefaultName>true</useDefaultName>
    <name>Expression: global_pinl == 2 or global_pinl == 1</name>
    <expression>global_pinl == 2 or global_pinl == 1</expression>
  </condition>
  <condition type="expression">
    <useDefaultName>true</useDefaultName>
    <name>Expression: global_popup == 1</name>
    <expression>global_popup == 1</expression>
  </condition>
  <condition type="expression">
    <useDefaultName>true</useDefaultName>
    <name>Expression: global_Sn == 0 and index == 4</name>
    <expression>global_Sn == 0 and index == 4</expression>
  </condition>
  <condition type="expression">
    <useDefaultName>true</useDefaultName>
    <name>Expression: global_Sn == 1 and index == 4</name>
    <expression>global_Sn == 1 and index == 4</expression>
  </condition>
  <condition type="expression">
    <useDefaultName>true</useDefaultName>
    <name>Expression: global_Sn == 2</name>
    <expression>global_Sn == 2</expression>
  </condition>
  <condition type="expression">
    <useDefaultName>true</useDefaultName>
    <name>Expression: if(global_PHANToM_Free == 1){ if(trigger == "Tile 1 Robinhood " ){return true} else if(trigger != "Tile 1 Robinhood " ){return false}} else if(global_PHANToM_Free != 1){a=null;sqrt(a)}</name>
    <expression>if(global_PHANToM_Free == 1){
if(trigger == "Tile 1 Robinhood " ){return true}
else if(trigger != "Tile 1 Robinhood " ){return false}}
else if(global_PHANToM_Free != 1){a=null;sqrt(a)}</expression>
  </condition>
  <condition type="expression">
    <useDefaultName>true</useDefaultName>
    <name>Expression: if(trigger == "PHANToM RBH Focused" and global_Ctu != 1){global_Ctu = 1;return true} else if(trigger != "PHANToM RBH Focused" or global_Ctu == 1){return false}</name>
    <expression>if(trigger == "PHANToM RBH Focused" and global_Ctu != 1){global_Ctu = 1;return true}
else if(trigger != "PHANToM RBH Focused" or global_Ctu == 1){return false}</expression>
  </condition>
  <condition type="expression">
    <useDefaultName>true</useDefaultName>
    <name>Expression: index == -1 or index == 7</name>
    <expression>index == -1 or index == 7</expression>
  </condition>
  <condition type="expression">
    <useDefaultName>true</useDefaultName>
    <name>Expression: index == 0</name>
    <expression>index == 0</expression>
  </condition>
  <condition type="expression">
    <useDefaultName>true</useDefaultName>
    <name>Expression: index == 1</name>
    <expression>index == 1</expression>
  </condition>
  <condition type="expression">
    <useDefaultName>true</useDefaultName>
    <name>Expression: index == 2</name>
    <expression>index == 2</expression>
  </condition>
  <condition type="expression">
    <useDefaultName>true</useDefaultName>
    <name>Expression: index == 3</name>
    <expression>index == 3</expression>
  </condition>
  <condition type="expression">
    <useDefaultName>true</useDefaultName>
    <name>Expression: index == 3 and global_Ams == 0</name>
    <expression>index == 3 and  global_Ams == 0</expression>
  </condition>
  <condition type="expression">
    <useDefaultName>true</useDefaultName>
    <name>Expression: index == 3 and global_Ams == 1</name>
    <expression>index == 3 and  global_Ams == 1</expression>
  </condition>
  <condition type="expression">
    <useDefaultName>true</useDefaultName>
    <name>Expression: index == 4</name>
    <expression>index == 4</expression>
  </condition>
  <condition type="expression">
    <useDefaultName>true</useDefaultName>
    <name>Expression: index == 6</name>
    <expression>index == 6</expression>
  </condition>
  <condition type="expression">
    <useDefaultName>true</useDefaultName>
    <name>Expression: onlinec != null</name>
    <expression>onlinec != null</expression>
  </condition>
  <condition type="expression">
    <useDefaultName>true</useDefaultName>
    <name>Expression: step == 20 or step == 40 or step == 60 or step == 80 or step == 100 or step == 120 or step == 140 or step == 160 or step == 180 or step == 200 or step == 220 or step == 240 or step == 260 or step == 280 or step == 300</name>
    <expression>step == 20 or
step == 40 or
step == 60 or
step == 80 or
step == 100 or
step == 120 or
step == 140 or
step == 160 or
step == 180 or
step == 200 or
step == 220 or
step == 240 or
step == 260 or
step == 280 or
step == 300 </expression>
  </condition>
  <condition type="expression">
    <useDefaultName>true</useDefaultName>
    <name>Expression: trigger == "App Task Ended: th.in.robinhood.rider" or trigger == "App Task Started: th.in.robinhood.rider"</name>
    <expression>trigger == "App Task Ended: th.in.robinhood.rider" or

trigger == "App Task Started: th.in.robinhood.rider"</expression>
  </condition>
  <condition type="expression">
    <useDefaultName>true</useDefaultName>
    <name>Expression: trigger == "PHANToM RBH Notification"</name>
    <expression>trigger == "PHANToM RBH Notification"</expression>
  </condition>
  <condition type="screen_on">
    <useDefaultName>true</useDefaultName>
    <name>Screen On</name>
  </condition>
  <action type="launch_app">
    <useDefaultName>false</useDefaultName>
    <name>Accessobility</name>
    <packageName>com.android.settings</packageName>
    <className>com.android.settings.Settings$AccessibilitySettingsActivity</className>
  </action>
  <action type="execute_root_command">
    <useDefaultName>false</useDefaultName>
    <name>Animator
Duration
Scale</name>
    <command>settings put global animator_duration_scale 0.0034</command>
    <user>root</user>
    <seContext></seContext>
    <workingDirectory></workingDirectory>
    <timeout>300000</timeout>
    <variableStdout>stdout</variableStdout>
    <variableStderr>stderr</variableStderr>
    <variableExitCode>exit_code</variableExitCode>
  </action>
  <action type="execute_root_command">
    <useDefaultName>false</useDefaultName>
    <name>Animator ON
duration scale</name>
    <command>settings put global animator_duration_scale 1

settings put global transition_animation_scale 1

settings put global window_animation_scale 1

</command>
    <user>root</user>
    <seContext></seContext>
    <workingDirectory></workingDirectory>
    <timeout>300000</timeout>
    <variableStdout>stdout</variableStdout>
    <variableStderr>stderr</variableStderr>
    <variableExitCode>exit_code</variableExitCode>
  </action>
  <action type="launch_app">
    <useDefaultName>false</useDefaultName>
    <name>Apps info</name>
    <packageName>com.android.settings</packageName>
    <className>com.android.settings.applications.ManageApplications</className>
  </action>
  <action type="control_user_interface">
    <useDefaultName>false</useDefaultName>
    <name>Back to Main page RBH</name>
    <script>back();
sleep(20);
back();</script>
  </action>
  <action type="clear_automagic_log">
    <useDefaultName>false</useDefaultName>
    <name>Clear PHANToM Log</name>
  </action>
  <action type="control_user_interface">
    <useDefaultName>true</useDefaultName>
    <name>Control UI: click("เข้าสู่ระบบ");global_Ctu = 0</name>
    <script>click("เข้าสู่ระบบ");global_Ctu = 0</script>
  </action>
  <action type="control_user_interface">
    <useDefaultName>true</useDefaultName>
    <name>Control UI: if(global_Auto == 1){ onlinec = getBounds("ออนไลน์"); Acesser = getBounds("รับงาน"); if(onlinec == null or Acesser == null ){global_ttt = global_ttt + 1;sqrt(onlinec)}; if(Acesser != null){ ac0 = getElement(Acesser, 0); ac1 = getElement(Acesser, 1); touchGesture(0, 70, newList(ac0,ac1))} if(onlinec </name>
    <script>
if(global_Auto == 1){


onlinec = getBounds("ออนไลน์");
Acesser = getBounds("รับงาน");
if(onlinec == null or Acesser == null ){global_ttt = global_ttt + 1;sqrt(onlinec)};
if(Acesser != null){
ac0 = getElement(Acesser, 0);
ac1 = getElement(Acesser, 1);
touchGesture(0, 70, newList(ac0,ac1))}

if(onlinec == null or Acesser == null ){global_ttt = global_ttt + 1;sqrt(onlinec)};


}</script>
  </action>
  <action type="control_user_interface">
    <useDefaultName>true</useDefaultName>
    <name>Control UI: if(global_PHANToM_PIN == null){E_noti = "❗ยังไม่ได้ตั้งค่ารหัส PIN 6 หลัก ❗";global_Ctu = 0;a = null;sqrt(a)}; PHANToM_lenght = length(global_PHANToM_PIN); if(PHANToM_lenght &lt; 6){E_noti = "ตั้งค่ารหัส PIN ให้ครบ 6 หลัก";global_Ctu = 0;a = null;sqrt(a)} else if(PHANToM_lenght &gt; 6){E_noti = "รหัส PIN </name>
    <script>if(global_PHANToM_PIN == null){E_noti = "❗ยังไม่ได้ตั้งค่ารหัส PIN 6 หลัก ❗";global_Ctu = 0;a = null;sqrt(a)};
PHANToM_lenght = length(global_PHANToM_PIN);
if(PHANToM_lenght &lt; 6){E_noti = "ตั้งค่ารหัส PIN ให้ครบ 6 หลัก";global_Ctu = 0;a = null;sqrt(a)}
else if(PHANToM_lenght &gt; 6){E_noti = "รหัส PIN ควรมีเลขเพียง 6 หลัก";global_Ctu = 0;a = null;sqrt(a)}
else if(PHANToM_lenght == "" or PHANToM_lenght == null or PHANToM_lenght == 0){E_noti = "❗ยังไม่ได้ตั้งค่ารหัส PIN 6 หลัก ❗";global_Ctu = 0;a = null;sqrt(a)};
</script>
  </action>
  <action type="control_user_interface">
    <useDefaultName>true</useDefaultName>
    <name>Control UI: Login = getBounds("*เข้าสู่ระบบ*"); PHANToM_PIN0 = global_PHANToM_PIN; PHANToM_PIN = findAll(PHANToM_PIN0, '[0-9]'); sleep(50); Login = getBounds("*เข้าสู่ระบบ*"); if(Login == null ){global_Ctu = 0 ;a = null; sqrt(a)} P0 = getElement(PHANToM_PIN, 0); P1 = getElement(PHANToM_PIN, 1); P2 = getElement(</name>
    <script>Login = getBounds("*เข้าสู่ระบบ*");
PHANToM_PIN0 = global_PHANToM_PIN;
PHANToM_PIN = findAll(PHANToM_PIN0, '[0-9]');
sleep(50);

Login = getBounds("*เข้าสู่ระบบ*");

if(Login  == null  ){global_Ctu = 0 ;a = null; sqrt(a)}
P0 = getElement(PHANToM_PIN, 0);
P1 = getElement(PHANToM_PIN, 1);
P2 = getElement(PHANToM_PIN, 2);
P3 = getElement(PHANToM_PIN, 3);
P4 = getElement(PHANToM_PIN, 4);
P5 = getElement(PHANToM_PIN, 5);
sleep(300);
selectAll();
sendText(PHANToM_PIN0);</script>
  </action>
  <action type="control_user_interface">
    <useDefaultName>false</useDefaultName>
    <name>Control UI: sleegp(1)</name>
    <script>sleep(1)</script>
  </action>
  <action type="control_user_interface">
    <useDefaultName>true</useDefaultName>
    <name>Control UI: sleep(20); Login = getBounds("*เข้าสู่ระบบ*"); Login = getBounds("*เข้าสู่ระบบ*"); Login = getBounds("*เข้าสู่ระบบ*"); if(Login == null){global_Ctu = 0;a = null; sqrt(a)}</name>
    <script>sleep(20);
Login = getBounds("*เข้าสู่ระบบ*");
Login = getBounds("*เข้าสู่ระบบ*");
Login = getBounds("*เข้าสู่ระบบ*");
if(Login == null){global_Ctu = 0;a = null; sqrt(a)}</script>
  </action>
  <action type="sleep">
    <useDefaultName>false</useDefaultName>
    <name>DELAY SCALE</name>
    <duration>500ms</duration>
    <keepDeviceAwake>true</keepDeviceAwake>
    <allowWakeupFromDeviceIdle>false</allowWakeupFromDeviceIdle>
  </action>
  <action type="input_dialog">
    <useDefaultName>true</useDefaultName>
    <name>Input Dialog: Set Your PIN  Single-line text ใส่รหัส PIN 6 หลัก</name>
    <title>Set Your PIN </title>
    <inputDialogType>SINGLE_LINE_TEXT</inputDialogType>
    <prompt>ใส่รหัส PIN 6 หลัก</prompt>
    <inputValues></inputValues>
    <defaultValue>{global_PHANToM_PIN}</defaultValue>
    <titleFontSize>DEFAULT</titleFontSize>
    <promptFontSize>DEFAULT</promptFontSize>
    <fontSize>DEFAULT</fontSize>
    <timeoutEnabled>false</timeoutEnabled>
    <timeout>60000</timeout>
    <defaultValueOnTimeout></defaultValueOnTimeout>
    <showWhenLocked>false</showWhenLocked>
    <turnScreenOn>false</turnScreenOn>
    <keepScreenOn>false</keepScreenOn>
    <enlargeDialogWidth>false</enlargeDialogWidth>
    <keyboardCapitalizeSentences>false</keyboardCapitalizeSentences>
  </action>
  <action type="input_dialog">
    <useDefaultName>true</useDefaultName>
    <name>Input Dialog: Settings Single Choice Menu Set Your PIN [{global_PHANToM_PIN}],Enable Input Method,Apps Info,Accessibility Services,&lt;- Back,[&lt; Exit</name>
    <title>Settings</title>
    <inputDialogType>SINGLE_CHOICE_MENU</inputDialogType>
    <prompt></prompt>
    <inputValues>Set Your PIN [{global_PHANToM_PIN}],Enable Input Method,Apps Info,Accessibility Services,&lt;- Back,[&lt; Exit</inputValues>
    <defaultValue></defaultValue>
    <titleFontSize>DEFAULT</titleFontSize>
    <promptFontSize>DEFAULT</promptFontSize>
    <fontSize>DEFAULT</fontSize>
    <timeoutEnabled>false</timeoutEnabled>
    <timeout>60000</timeout>
    <defaultValueOnTimeout></defaultValueOnTimeout>
    <showWhenLocked>false</showWhenLocked>
    <turnScreenOn>false</turnScreenOn>
    <keepScreenOn>false</keepScreenOn>
    <enlargeDialogWidth>false</enlargeDialogWidth>
    <keyboardCapitalizeSentences>false</keyboardCapitalizeSentences>
  </action>
  <action type="launch_app">
    <useDefaultName>false</useDefaultName>
    <name>Keyboard Enable</name>
    <packageName>com.android.settings</packageName>
    <className>com.android.settings.Settings$AvailableVirtualKeyboardActivity</className>
  </action>
  <action type="launch_app">
    <useDefaultName>true</useDefaultName>
    <name>Launch App: th.in.robinhood.rider</name>
    <packageName>th.in.robinhood.rider</packageName>
    <className></className>
  </action>
  <action type="message_dialog">
    <useDefaultName>true</useDefaultName>
    <name>Message Dialog: PHANToM เลือก เปิดใช้งานคีย์บอร์ด ของแอป Automagic ที่ใช้</name>
    <title>PHANToM</title>
    <message>เลือก เปิดใช้งานคีย์บอร์ด 
ของแอป Automagic ที่ใช้</message>
    <buttonLabel>ตกลง</buttonLabel>
    <timeoutEnabled>false</timeoutEnabled>
    <timeout>60000</timeout>
  </action>
  <action type="notification_screen">
    <useDefaultName>true</useDefaultName>
    <name>Notification on Screen: Auto mode is Working</name>
    <showText>true</showText>
    <text>Auto mode is Working</text>
    <widgetName></widgetName>
    <width></width>
    <height></height>
    <stretchToFillArea>false</stretchToFillArea>
    <opacity>1.00</opacity>
    <durationLong>false</durationLong>
    <customPosition>false</customPosition>
    <gravityType>TOP_LEFT</gravityType>
    <xOffset>0</xOffset>
    <yOffset>0</yOffset>
  </action>
  <action type="notification_screen">
    <useDefaultName>true</useDefaultName>
    <name>Notification on Screen: done !</name>
    <showText>true</showText>
    <text>done !</text>
    <widgetName></widgetName>
    <width></width>
    <height></height>
    <stretchToFillArea>false</stretchToFillArea>
    <opacity>1.00</opacity>
    <durationLong>false</durationLong>
    <customPosition>false</customPosition>
    <gravityType>TOP_LEFT</gravityType>
    <xOffset>0</xOffset>
    <yOffset>0</yOffset>
  </action>
  <action type="notification_screen">
    <useDefaultName>true</useDefaultName>
    <name>Notification on Screen: Exit</name>
    <showText>true</showText>
    <text>Exit</text>
    <widgetName></widgetName>
    <width></width>
    <height></height>
    <stretchToFillArea>false</stretchToFillArea>
    <opacity>1.00</opacity>
    <durationLong>false</durationLong>
    <customPosition>false</customPosition>
    <gravityType>TOP_LEFT</gravityType>
    <xOffset>0</xOffset>
    <yOffset>0</yOffset>
  </action>
  <action type="notification_screen">
    <useDefaultName>true</useDefaultName>
    <name>Notification on Screen: Processing</name>
    <showText>true</showText>
    <text>Processing</text>
    <widgetName></widgetName>
    <width></width>
    <height></height>
    <stretchToFillArea>false</stretchToFillArea>
    <opacity>1.00</opacity>
    <durationLong>false</durationLong>
    <customPosition>false</customPosition>
    <gravityType>TOP_LEFT</gravityType>
    <xOffset>0</xOffset>
    <yOffset>0</yOffset>
  </action>
  <action type="notification_screen">
    <useDefaultName>true</useDefaultName>
    <name>Notification on Screen: Typing Keyboard</name>
    <showText>true</showText>
    <text>Typing Keyboard</text>
    <widgetName></widgetName>
    <width></width>
    <height></height>
    <stretchToFillArea>false</stretchToFillArea>
    <opacity>1.00</opacity>
    <durationLong>false</durationLong>
    <customPosition>false</customPosition>
    <gravityType>TOP_LEFT</gravityType>
    <xOffset>0</xOffset>
    <yOffset>0</yOffset>
  </action>
  <action type="notification_screen">
    <useDefaultName>true</useDefaultName>
    <name>Notification on Screen: {E_noti}</name>
    <showText>true</showText>
    <text>{E_noti}</text>
    <widgetName></widgetName>
    <width></width>
    <height></height>
    <stretchToFillArea>false</stretchToFillArea>
    <opacity>1.00</opacity>
    <durationLong>false</durationLong>
    <customPosition>false</customPosition>
    <gravityType>TOP_LEFT</gravityType>
    <xOffset>0</xOffset>
    <yOffset>0</yOffset>
  </action>
  <action type="notification_screen">
    <useDefaultName>true</useDefaultName>
    <name>Notification on Screen: ติดตั้งไฟล์ไม่ถูกต้อง (long)</name>
    <showText>true</showText>
    <text>ติดตั้งไฟล์ไม่ถูกต้อง</text>
    <widgetName></widgetName>
    <width></width>
    <height></height>
    <stretchToFillArea>false</stretchToFillArea>
    <opacity>1.00</opacity>
    <durationLong>true</durationLong>
    <customPosition>false</customPosition>
    <gravityType>TOP_LEFT</gravityType>
    <xOffset>0</xOffset>
    <yOffset>0</yOffset>
  </action>
  <action type="input_dialog">
    <useDefaultName>false</useDefaultName>
    <name>PHANToM FD23</name>
    <title>PHANToM RBH Tools</title>
    <inputDialogType>SINGLE_CHOICE_MENU</inputDialogType>
    <prompt></prompt>
    <inputValues>[  Keyboard For Typing  ] ,{pop} - Auto Launch RBH [{pop1}],{pin} - Auto Login RBH [{pin1}],{ams} - Auto Animation Set [{ams1}],{sn} - KEEP SCREEN ON [{sn1}],{at} - Auto Mode [{at1}],Settings,[&lt; Exit</inputValues>
    <defaultValue></defaultValue>
    <titleFontSize>DEFAULT</titleFontSize>
    <promptFontSize>DEFAULT</promptFontSize>
    <fontSize>DEFAULT</fontSize>
    <timeoutEnabled>false</timeoutEnabled>
    <timeout>60000</timeout>
    <defaultValueOnTimeout></defaultValueOnTimeout>
    <showWhenLocked>false</showWhenLocked>
    <turnScreenOn>false</turnScreenOn>
    <keepScreenOn>false</keepScreenOn>
    <enlargeDialogWidth>false</enlargeDialogWidth>
    <keyboardCapitalizeSentences>false</keyboardCapitalizeSentences>
  </action>
  <action type="script">
    <useDefaultName>true</useDefaultName>
    <name>Script: global_PHANToM_PIN = value</name>
    <script>global_PHANToM_PIN = value</script>
  </action>
  <action type="script">
    <useDefaultName>true</useDefaultName>
    <name>Script: if(global_popup == 1){pop = "🟢";pop1 = "ON";} else if(global_popup != 1){pop = "🔴";pop1 = "OFF";}; if(global_pinl == null){global_pinl =0}; if(global_pinl == 0){pin = "🔴";pin1 = "OFF"} else if(global_pinl == 1){pin = "🟢";pin1 = "ON - I";} else if(global_pinl == 2){pin = "🟢";pin1 = "ON - II";}; if(global_Ams != 1){ams = "🔴";ams1 = "OFF"} else if(global_Ams == 1){ams = "🟢";ams1 = "ON"}; if(global_Sn == null){global_Sn = 0}; if(global_Sn == 0){sn = "🔴"; sn1 = "OFF";} else if(global_Sn == 1){sn = "🟢"; sn1 = "ON"} else if(global_Sn == 2){sn = "🟢";sn1 = "ON - Auto"}; if(global_Auto != 1){at = "🔴";at1 = "OFF";} else if(global_Auto == 1){at = "🟢";at1 = "ON";};</name>
    <script>if(global_popup == 1){pop = "🟢";pop1 = "ON";}
else if(global_popup != 1){pop = "🔴";pop1 = "OFF";};

if(global_pinl == null){global_pinl =0};
if(global_pinl == 0){pin = "🔴";pin1 = "OFF"}
else if(global_pinl == 1){pin = "🟢";pin1 = "ON - I";}
else if(global_pinl == 2){pin = "🟢";pin1 = "ON - II";};

if(global_Ams != 1){ams = "🔴";ams1 = "OFF"}
else if(global_Ams == 1){ams = "🟢";ams1 = "ON"};

if(global_Sn == null){global_Sn = 0};
if(global_Sn == 0){sn = "🔴"; sn1 = "OFF";}
else if(global_Sn == 1){sn = "🟢"; sn1 = "ON"}
else if(global_Sn == 2){sn = "🟢";sn1 = "ON - Auto"};

if(global_Auto != 1){at = "🔴";at1 = "OFF";}
else if(global_Auto == 1){at = "🟢";at1 = "ON";};</script>
  </action>
  <action type="script">
    <useDefaultName>true</useDefaultName>
    <name>Script: if(index == 1){ if(global_popup == 1){global_popup = 0} else if(global_popup != 1){global_popup = 1}} else if(index == 2){ if(global_pinl == 0){global_pinl = 1;global_Ctu = 0} else if(global_pinl == 1){global_pinl = 2;global_Ctu = 0} else if(global_pinl == 2){global_pinl = 0;global_Ctu = 0}} else if(index == 3){ if(global_Ams != 1){global_Ams = 1} else if(global_Ams == 1){global_Ams = 0};} else if(index == 4){ if(global_Sn == 0){global_Sn = 1} else if(global_Sn == 1){global_Sn = 2} else if(global_Sn == 2){global_Sn = 0}} else if(index == 5){ if(global_Auto != 1){global_Auto = 1} else if(global_Auto == 1){global_Auto = 0}}</name>
    <script>if(index == 1){
if(global_popup == 1){global_popup = 0}
else if(global_popup != 1){global_popup = 1}}

else if(index == 2){
if(global_pinl == 0){global_pinl = 1;global_Ctu = 0}
else if(global_pinl == 1){global_pinl = 2;global_Ctu = 0}
else if(global_pinl == 2){global_pinl = 0;global_Ctu = 0}}

else if(index == 3){
if(global_Ams != 1){global_Ams = 1}
else if(global_Ams == 1){global_Ams = 0};}

else if(index == 4){
if(global_Sn == 0){global_Sn = 1}
else if(global_Sn == 1){global_Sn = 2}
else if(global_Sn == 2){global_Sn = 0}}

else if(index == 5){
if(global_Auto != 1){global_Auto = 1}
else if(global_Auto == 1){global_Auto = 0}}</script>
  </action>
  <action type="set_default_input_method">
    <useDefaultName>true</useDefaultName>
    <name>Set Default Input Method: Emoji&amp;Font Keyboard</name>
    <inputMethod>com.preff.kb.xm/ch.gridvision.ppam.androidautomagic.keyboard.AutotypeInputMethodService</inputMethod>
  </action>
  <action type="set_default_input_method">
    <useDefaultName>true</useDefaultName>
    <name>Set Default Input Method: Gboard</name>
    <inputMethod>com.google.android.inputmethod.latin/com.android.inputmethod.latin.LatinIME</inputMethod>
  </action>
  <action type="set_screen_timeout">
    <useDefaultName>true</useDefaultName>
    <name>Set Screen Timeout: 2 Minutes</name>
    <screenTimeoutValue>MINUTES_2</screenTimeoutValue>
  </action>
  <action type="set_screen_timeout">
    <useDefaultName>true</useDefaultName>
    <name>Set Screen Timeout: Never</name>
    <screenTimeoutValue>NEVER</screenTimeoutValue>
  </action>
  <action type="show_home_screen">
    <useDefaultName>true</useDefaultName>
    <name>Show Home Screen</name>
    <pageEnabled>false</pageEnabled>
    <page>1</page>
  </action>
  <action type="sleep">
    <useDefaultName>true</useDefaultName>
    <name>Sleep: 500ms (keep device awake)</name>
    <duration>500ms</duration>
    <keepDeviceAwake>true</keepDeviceAwake>
    <allowWakeupFromDeviceIdle>false</allowWakeupFromDeviceIdle>
  </action>
  <action type="sleep">
    <useDefaultName>true</useDefaultName>
    <name>Sleep: 700ms (keep device awake)</name>
    <duration>700ms</duration>
    <keepDeviceAwake>true</keepDeviceAwake>
    <allowWakeupFromDeviceIdle>false</allowWakeupFromDeviceIdle>
  </action>
  <action type="execute_root_command">
    <useDefaultName>false</useDefaultName>
    <name>Transition
Animation
Scale</name>
    <command>settings put global transition_animation_scale 0</command>
    <user>root</user>
    <seContext></seContext>
    <workingDirectory></workingDirectory>
    <timeout>300000</timeout>
    <variableStdout>stdout</variableStdout>
    <variableStderr>stderr</variableStderr>
    <variableExitCode>exit_code</variableExitCode>
  </action>
  <action type="execute_root_command">
    <useDefaultName>false</useDefaultName>
    <name>Window
Animation
Scale</name>
    <command>settings put global window_animation_scale 0.002</command>
    <user>root</user>
    <seContext></seContext>
    <workingDirectory></workingDirectory>
    <timeout>300000</timeout>
    <variableStdout>stdout</variableStdout>
    <variableStderr>stderr</variableStderr>
    <variableExitCode>exit_code</variableExitCode>
  </action>
  <action type="sleep">
    <useDefaultName>false</useDefaultName>
    <name>⏳
SLEEP ON

NOFACE</name>
    <duration>60ms</duration>
    <keepDeviceAwake>true</keepDeviceAwake>
    <allowWakeupFromDeviceIdle>false</allowWakeupFromDeviceIdle>
  </action>
  <action type="turn_screen_on">
    <useDefaultName>false</useDefaultName>
    <name>📺
SCREEN  ON

NOFACE</name>
    <bright>true</bright>
    <duration>1ms</duration>
    <resetUserActivityTimer>true</resetUserActivityTimer>
  </action>
  <action type="dismiss_slide_to_unlock_keyguard">
    <useDefaultName>false</useDefaultName>
    <name>📺
UNLOCK SCREEN

NOFACE</name>
  </action>
  <flow type="flow">
    <name>PHANToM RBH Tools</name>
    <description>PHANToM ROOTED
ตั้มปุ่ม ที่1 (Tile 1)</description>
    <group>PHANToM RBH </group>
    <enabled>false</enabled>
    <executionPolicy>PARALLEL</executionPolicy>
    <actioncontainer id="t1" x="1295.0" y="-1102.5">Control UI: sleegp(1)</actioncontainer>
    <actioncontainer id="t2" x="1505.0" y="-717.5">Control UI: sleegp(1)</actioncontainer>
    <actioncontainer id="t3" x="1505.0" y="-927.49994">Control UI: sleegp(1)</actioncontainer>
    <actioncontainer id="t4" x="1505.0" y="-542.5">Control UI: sleegp(1)</actioncontainer>
    <actioncontainer id="t5" x="1505.0" y="-1102.5">Control UI: sleegp(1)</actioncontainer>
    <actioncontainer id="t6" x="1295.0" y="-927.49994">Control UI: sleegp(1)</actioncontainer>
    <actioncontainer id="t7" x="1295.0" y="-717.5">Control UI: sleegp(1)</actioncontainer>
    <actioncontainer id="t8" x="1295.0" y="-542.5">Control UI: sleegp(1)</actioncontainer>
    <actioncontainer id="t9" x="175.0" y="-927.5">Launch App: th.in.robinhood.rider</actioncontainer>
    <actioncontainer id="t10" x="175.0" y="-927.5">Launch App: th.in.robinhood.rider</actioncontainer>
    <actioncontainer id="t11" x="174.99998" y="-927.5">Launch App: th.in.robinhood.rider</actioncontainer>
    <actioncontainer id="t12" x="174.99998" y="-927.5">⏳
SLEEP ON

NOFACE</actioncontainer>
    <actioncontainer id="t13" x="174.99998" y="-927.5">Launch App: th.in.robinhood.rider</actioncontainer>
    <actioncontainer id="t14" x="175.00002" y="-927.49994">Show Home Screen</actioncontainer>
    <conditioncontainer id="t15" x="174.99998" y="-927.50006">Expression: global_popup == 1</conditioncontainer>
    <actioncontainer id="t16" x="175.00002" y="-927.4999">📺
SCREEN  ON

NOFACE</actioncontainer>
    <conditioncontainer id="t17" x="174.99995" y="-927.4999">Expression: onlinec != null</conditioncontainer>
    <conditioncontainer id="t18" x="175.00003" y="-927.49994">App Task Running: th.in.robinhood.rider (most recent)g</conditioncontainer>
    <actioncontainer id="t19" x="174.99997" y="-927.5">⏳
SLEEP ON

NOFACE</actioncontainer>
    <actioncontainer id="t20" x="175.00009" y="-927.50006">Clear PHANToM Log</actioncontainer>
    <actioncontainer id="t21" x="175.00008" y="-927.5">Control UI: sleegp(1)</actioncontainer>
    <conditioncontainer id="t22" x="175.0" y="-927.5">Expression: trigger == "PHANToM RBH Notification"</conditioncontainer>
    <conditioncontainer id="t23" x="175.0" y="-927.5">App Task Running: th.in.robinhood.rider (most recent)</conditioncontainer>
    <actioncontainer id="t24" x="175.00003" y="-927.5">Set Screen Timeout: 2 Minutes</actioncontainer>
    <conditioncontainer id="t25" x="174.99997" y="-927.5">Expression: index == 6</conditioncontainer>
    <actioncontainer id="t26" x="175.0" y="-927.49994">Notification on Screen: Processing</actioncontainer>
    <actioncontainer id="t27" x="174.99995" y="-927.5">Script: if(index == 1){ if(global_popup == 1){global_popup = 0} else if(global_popup != 1){global_popup = 1}} else if(index == 2){ if(global_pinl == 0){global_pinl = 1;global_Ctu = 0} else if(global_pinl == 1){global_pinl = 2;global_Ctu = 0} else if(global_pinl == 2){global_pinl = 0;global_Ctu = 0}} else if(index == 3){ if(global_Ams != 1){global_Ams = 1} else if(global_Ams == 1){global_Ams = 0};} else if(index == 4){ if(global_Sn == 0){global_Sn = 1} else if(global_Sn == 1){global_Sn = 2} else if(global_Sn == 2){global_Sn = 0}} else if(index == 5){ if(global_Auto != 1){global_Auto = 1} else if(global_Auto == 1){global_Auto = 0}}</actioncontainer>
    <actioncontainer id="t28" x="174.99998" y="-927.5">Clear PHANToM Log</actioncontainer>
    <actioncontainer id="t29" x="174.99997" y="-927.5">Input Dialog: Set Your PIN  Single-line text ใส่รหัส PIN 6 หลัก</actioncontainer>
    <actioncontainer id="t30" x="175.00002" y="-927.5">DELAY SCALE</actioncontainer>
    <actioncontainer id="t31" x="175.00002" y="-927.5">Input Dialog: Settings Single Choice Menu Set Your PIN [{global_PHANToM_PIN}],Enable Input Method,Apps Info,Accessibility Services,&lt;- Back,[&lt; Exit</actioncontainer>
    <actioncontainer id="t32" x="174.99998" y="-927.5">📺
UNLOCK SCREEN

NOFACE</actioncontainer>
    <actioncontainer id="t33" x="175.00002" y="-927.50006">Notification on Screen: Typing Keyboard</actioncontainer>
    <actioncontainer id="t34" x="174.99997" y="-927.5">Clear PHANToM Log</actioncontainer>
    <actioncontainer id="t35" x="175.0" y="-927.5">Set Screen Timeout: Never</actioncontainer>
    <actioncontainer id="t36" x="175.0" y="-927.50006">Keyboard Enable</actioncontainer>
    <actioncontainer id="t37" x="175.0" y="-927.5001">Notification on Screen: Exit</actioncontainer>
    <actioncontainer id="t38" x="174.99998" y="-927.5">Set Screen Timeout: 2 Minutes</actioncontainer>
    <conditioncontainer id="t39" x="175.0" y="-927.5">Screen On</conditioncontainer>
    <conditioncontainer id="t40" x="174.99997" y="-927.5">Expression: step == 20 or step == 40 or step == 60 or step == 80 or step == 100 or step == 120 or step == 140 or step == 160 or step == 180 or step == 200 or step == 220 or step == 240 or step == 260 or step == 280 or step == 300</conditioncontainer>
    <actioncontainer id="t41" x="175.00002" y="-927.5">Clear PHANToM Log</actioncontainer>
    <actioncontainer id="t42" x="174.99992" y="-927.5">DELAY SCALE</actioncontainer>
    <actioncontainer id="t43" x="174.99997" y="-927.5">Notification on Screen: Auto mode is Working</actioncontainer>
    <conditioncontainer id="t44" x="175.00002" y="-927.5">Expression: global_pinl == 2</conditioncontainer>
    <actioncontainer id="t45" x="174.99998" y="-927.5">Control UI: click("เข้าสู่ระบบ");global_Ctu = 0</actioncontainer>
    <conditioncontainer id="t46" x="175.00034" y="-927.49994">Expression: Execute 50 times</conditioncontainer>
    <actioncontainer id="t47" x="175.00005" y="-927.5">Sleep: 500ms (keep device awake)</actioncontainer>
    <conditioncontainer id="t48" x="175.0" y="-927.4999">Expression: index == 0</conditioncontainer>
    <conditioncontainer id="t49" x="175.0003" y="-927.5">App Task Running: th.in.robinhood.rider (most recent)f</conditioncontainer>
    <actioncontainer id="t50" x="174.99995" y="-927.5">Script: if(global_popup == 1){pop = "🟢";pop1 = "ON";} else if(global_popup != 1){pop = "🔴";pop1 = "OFF";}; if(global_pinl == null){global_pinl =0}; if(global_pinl == 0){pin = "🔴";pin1 = "OFF"} else if(global_pinl == 1){pin = "🟢";pin1 = "ON - I";} else if(global_pinl == 2){pin = "🟢";pin1 = "ON - II";}; if(global_Ams != 1){ams = "🔴";ams1 = "OFF"} else if(global_Ams == 1){ams = "🟢";ams1 = "ON"}; if(global_Sn == null){global_Sn = 0}; if(global_Sn == 0){sn = "🔴"; sn1 = "OFF";} else if(global_Sn == 1){sn = "🟢"; sn1 = "ON"} else if(global_Sn == 2){sn = "🟢";sn1 = "ON - Auto"}; if(global_Auto != 1){at = "🔴";at1 = "OFF";} else if(global_Auto == 1){at = "🟢";at1 = "ON";};</actioncontainer>
    <conditioncontainer id="t51" x="175.0" y="-927.5">Expression: global_Ams == 1</conditioncontainer>
    <conditioncontainer id="t52" x="175.0002" y="-927.5">App Task Running: th.in.robinhood.rider (most recent)</conditioncontainer>
    <actioncontainer id="t53" x="175.00009" y="-927.5">DELAY SCALE</actioncontainer>
    <conditioncontainer id="t54" x="175.0" y="-927.5">App Task Running: th.in.robinhood.rider (most recent)g</conditioncontainer>
    <actioncontainer id="t55" x="174.99998" y="-927.5">Control UI: if(global_Auto == 1){ onlinec = getBounds("ออนไลน์"); Acesser = getBounds("รับงาน"); if(onlinec == null or Acesser == null ){global_ttt = global_ttt + 1;sqrt(onlinec)}; if(Acesser != null){ ac0 = getElement(Acesser, 0); ac1 = getElement(Acesser, 1); touchGesture(0, 70, newList(ac0,ac1))} if(onlinec </actioncontainer>
    <actioncontainer id="t56" x="175.0" y="-927.5">Set Screen Timeout: Never</actioncontainer>
    <conditioncontainer id="t57" x="175.00002" y="-927.4999">Expression: index == -1 or index == 7</conditioncontainer>
    <conditioncontainer id="t58" x="175.00008" y="-927.5">Expression: index == 3</conditioncontainer>
    <conditioncontainer id="t59" x="175.00003" y="-927.50006">Expression: index == 0</conditioncontainer>
    <actioncontainer id="t60" x="175.00006" y="-927.5">Animator ON
duration scale</actioncontainer>
    <conditioncontainer id="t61" x="175.00002" y="-927.5">Expression: index == 3 and global_Ams == 1</conditioncontainer>
    <conditioncontainer id="t62" x="175.00006" y="-927.5">Expression: global_Sn == 2</conditioncontainer>
    <conditioncontainer id="t63" x="175.00005" y="-927.5">Expression: global_Sn == 1 and index == 4</conditioncontainer>
    <conditioncontainer id="t64" x="175.00003" y="-927.50006">Expression: global_Sn == 0 and index == 4</conditioncontainer>
    <actioncontainer id="t65" x="175.00002" y="-927.49994">PHANToM FD23</actioncontainer>
    <conditioncontainer id="t66" x="175.00021" y="-927.50006">App Task Running: th.in.robinhood.rider (most recent)</conditioncontainer>
    <conditioncontainer id="t67" x="175.0" y="-927.5">Expression: index == 3 and global_Ams == 0</conditioncontainer>
    <actioncontainer id="t68" x="175.0" y="-927.5">Message Dialog: PHANToM เลือก เปิดใช้งานคีย์บอร์ด ของแอป Automagic ที่ใช้</actioncontainer>
    <actioncontainer id="t69" x="174.99994" y="-927.5">Script: global_PHANToM_PIN = value</actioncontainer>
    <actioncontainer id="t70" x="175.00002" y="-927.5">Control UI: Login = getBounds("*เข้าสู่ระบบ*"); PHANToM_PIN0 = global_PHANToM_PIN; PHANToM_PIN = findAll(PHANToM_PIN0, '[0-9]'); sleep(50); Login = getBounds("*เข้าสู่ระบบ*"); if(Login == null ){global_Ctu = 0 ;a = null; sqrt(a)} P0 = getElement(PHANToM_PIN, 0); P1 = getElement(PHANToM_PIN, 1); P2 = getElement(</actioncontainer>
    <conditioncontainer id="t71" x="175.00009" y="-927.5">Expression: trigger == "App Task Ended: th.in.robinhood.rider" or trigger == "App Task Started: th.in.robinhood.rider"</conditioncontainer>
    <actioncontainer id="t72" x="174.99991" y="-927.5">Sleep: 700ms (keep device awake)</actioncontainer>
    <actioncontainer id="t73" x="174.99998" y="-927.50006">Notification on Screen: done !</actioncontainer>
    <actioncontainer id="t74" x="174.99995" y="-927.5">Animator ON
duration scale</actioncontainer>
    <actioncontainer id="t75" x="174.99997" y="-927.5">Control UI: if(global_PHANToM_PIN == null){E_noti = "❗ยังไม่ได้ตั้งค่ารหัส PIN 6 หลัก ❗";global_Ctu = 0;a = null;sqrt(a)}; PHANToM_lenght = length(global_PHANToM_PIN); if(PHANToM_lenght &lt; 6){E_noti = "ตั้งค่ารหัส PIN ให้ครบ 6 หลัก";global_Ctu = 0;a = null;sqrt(a)} else if(PHANToM_lenght &gt; 6){E_noti = "รหัส PIN </actioncontainer>
    <conditioncontainer id="t76" x="175.00003" y="-927.5">Expression: global_pinl == 2 or global_pinl == 1</conditioncontainer>
    <conditioncontainer id="t77" x="175.00003" y="-927.5">Expression: index == 2</conditioncontainer>
    <actioncontainer id="t78" x="175.0" y="-927.5">Notification on Screen: {E_noti}</actioncontainer>
    <actioncontainer id="t79" x="175.00002" y="-927.5">Notification on Screen: ติดตั้งไฟล์ไม่ถูกต้อง (long)</actioncontainer>
    <conditioncontainer id="t80" x="174.99997" y="-927.49994">Expression: index == 4</conditioncontainer>
    <actioncontainer id="t81" x="174.99995" y="-927.5">Accessobility</actioncontainer>
    <actioncontainer id="t82" x="174.99995" y="-927.4999">Apps info</actioncontainer>
    <actioncontainer id="t83" x="175.00002" y="-927.50006">DELAY SCALE</actioncontainer>
    <conditioncontainer id="t84" x="175.00015" y="-927.49994">App Task Running: th.in.robinhood.rider (most recent)f</conditioncontainer>
    <conditioncontainer id="t85" x="175.00006" y="-927.50006">Expression: index == 3 and global_Ams == 1</conditioncontainer>
    <conditioncontainer id="t86" x="175.00003" y="-927.5">App Task Running: th.in.robinhood.rider (most recent)</conditioncontainer>
    <conditioncontainer id="t87" x="174.99995" y="-927.49994">Expression: index == 1</conditioncontainer>
    <actioncontainer id="t88" x="175.00002" y="-927.5">Control UI: sleep(20); Login = getBounds("*เข้าสู่ระบบ*"); Login = getBounds("*เข้าสู่ระบบ*"); Login = getBounds("*เข้าสู่ระบบ*"); if(Login == null){global_Ctu = 0;a = null; sqrt(a)}</actioncontainer>
    <conditioncontainer id="t89" x="174.99997" y="-927.5">Expression: if(trigger == "PHANToM RBH Focused" and global_Ctu != 1){global_Ctu = 1;return true} else if(trigger != "PHANToM RBH Focused" or global_Ctu == 1){return false}</conditioncontainer>
    <actioncontainer id="t90" x="175.00009" y="-927.5">Clear PHANToM Log</actioncontainer>
    <triggercontainer id="t91" x="174.9999" y="-1137.5001">
      <trigger>PHANToM RBH openAny</trigger>
      <trigger>App Task Ended: th.in.robinhood.rider</trigger>
      <trigger>PHANToM RBH Notification</trigger>
      <trigger>App Task Started: th.in.robinhood.rider</trigger>
      <trigger>PHANToM RBH Touch Click</trigger>
      <trigger>Tile 1 Robinhood </trigger>
      <trigger>PHANToM RBH Focused</trigger>
    </triggercontainer>
    <conditioncontainer id="t92" x="175.00009" y="-927.5002">Expression: if(global_PHANToM_Free == 1){ if(trigger == "Tile 1 Robinhood " ){return true} else if(trigger != "Tile 1 Robinhood " ){return false}} else if(global_PHANToM_Free != 1){a=null;sqrt(a)}</conditioncontainer>
    <notecontainer id="t93" x="175.0" y="-350.0" w="280.0" h="140.0">สเกลภาพเคลื่อนไหว แก้ไขได้ตามชอบ</notecontainer>
    <notecontainer id="t94" x="-280.0" y="-927.5" w="140.0" h="105.0">คีย์บอร์ดเดิมที่ใช้พิมพ์</notecontainer>
    <notecontainer id="t95" x="630.0" y="-927.5" w="140.0" h="105.0">คีย์บอร์ดเมจิก(คฑา)ที่ใช้งานอยู่</notecontainer>
    <notecontainer id="t96" x="175.0" y="-1557.5" w="140.0" h="105.0">กลับหน้ารับงาน ถ้าไม่ชอบ หรือมีปัญหา ตอนงานเด้ง ลบออกได้</notecontainer>
    <actioncontainer id="t97" x="-3.8146973E-5" y="-647.5001">Window
Animation
Scale</actioncontainer>
    <actioncontainer id="t98" x="175.00006" y="-647.5001">Transition
Animation
Scale</actioncontainer>
    <actioncontainer id="t99" x="349.99957" y="-647.5002">Animator
Duration
Scale</actioncontainer>
    <actioncontainer id="t100" x="175.00024" y="-1312.5001">Back to Main page RBH</actioncontainer>
    <actioncontainer id="t101" x="454.9998" y="-927.49994">Set Default Input Method: Emoji&amp;Font Keyboard</actioncontainer>
    <actioncontainer id="t102" x="-104.99991" y="-927.5001">Set Default Input Method: Gboard</actioncontainer>
    <connection from="t1" to="t5" type="NORMAL" sourcePosition="EAST" targetPosition="WEST" />
    <connection from="t2" to="t6" type="NORMAL" sourcePosition="SOUTH" targetPosition="NORTH" />
    <connection from="t3" to="t1" type="NORMAL" sourcePosition="SOUTH" targetPosition="NORTH" />
    <connection from="t4" to="t7" type="NORMAL" sourcePosition="SOUTH" targetPosition="NORTH" />
    <connection from="t6" to="t3" type="NORMAL" sourcePosition="EAST" targetPosition="WEST" />
    <connection from="t7" to="t2" type="NORMAL" sourcePosition="EAST" targetPosition="WEST" />
    <connection from="t8" to="t4" type="NORMAL" sourcePosition="EAST" targetPosition="WEST" />
    <connection from="t9" to="t10" type="NORMAL" sourcePosition="NORTH" targetPosition="SOUTH" />
    <connection from="t10" to="t13" type="NORMAL" sourcePosition="SOUTH" targetPosition="NORTH" />
    <connection from="t10" to="t100" type="NORMAL" sourcePosition="SOUTH" targetPosition="NORTH" />
    <connection from="t13" to="t11" type="NORMAL" sourcePosition="NORTH" targetPosition="SOUTH" />
    <connection from="t14" to="t9" type="NORMAL" sourcePosition="NORTH" targetPosition="SOUTH" />
    <connection from="t15" to="t39" type="TRUE" sourcePosition="WEST" targetPosition="EAST" />
    <connection from="t15" to="t23" type="TRUE" sourcePosition="NORTH" targetPosition="SOUTH" />
    <connection from="t16" to="t19" type="NORMAL" sourcePosition="SOUTH" targetPosition="NORTH" />
    <connection from="t17" to="t43" type="TRUE" sourcePosition="SOUTH" targetPosition="NORTH" />
    <connection from="t18" to="t100" type="TRUE" sourcePosition="WEST" targetPosition="NORTH" />
    <connection from="t18" to="t14" type="FALSE" sourcePosition="NORTH" targetPosition="EAST" />
    <connection from="t19" to="t32" type="NORMAL" sourcePosition="SOUTH" targetPosition="NORTH" />
    <connection from="t21" to="t46" type="NORMAL" sourcePosition="SOUTH" targetPosition="NORTH" />
    <connection from="t22" to="t71" type="FALSE" sourcePosition="EAST" targetPosition="WEST" />
    <connection from="t22" to="t15" type="TRUE" sourcePosition="WEST" targetPosition="EAST" />
    <connection from="t23" to="t18" type="FALSE" sourcePosition="EAST" targetPosition="WEST" />
    <connection from="t23" to="t100" type="TRUE" sourcePosition="EAST" targetPosition="NORTH" />
    <connection from="t24" to="t50" type="NORMAL" sourcePosition="WEST" targetPosition="EAST" />
    <connection from="t25" to="t31" type="TRUE" sourcePosition="SOUTH" targetPosition="NORTH" />
    <connection from="t25" to="t85" type="FALSE" sourcePosition="NORTH" targetPosition="SOUTH" />
    <connection from="t26" to="t60" type="NORMAL" sourcePosition="EAST" targetPosition="WEST" />
    <connection from="t27" to="t57" type="NORMAL" sourcePosition="SOUTH" targetPosition="NORTH" />
    <connection from="t29" to="t69" type="NORMAL" sourcePosition="SOUTH" targetPosition="NORTH" />
    <connection from="t30" to="t97" type="NORMAL" sourcePosition="SOUTH" targetPosition="NORTH" />
    <connection from="t31" to="t48" type="NORMAL" sourcePosition="SOUTH" targetPosition="NORTH" />
    <connection from="t32" to="t12" type="NORMAL" sourcePosition="SOUTH" targetPosition="NORTH" />
    <connection from="t33" to="t102" type="NORMAL" sourcePosition="WEST" targetPosition="EAST" />
    <connection from="t36" to="t72" type="NORMAL" sourcePosition="SOUTH" targetPosition="NORTH" />
    <connection from="t37" to="t28" type="NORMAL" sourcePosition="SOUTH" targetPosition="NORTH" />
    <connection from="t39" to="t16" type="FALSE" sourcePosition="NORTH" targetPosition="NORTH" />
    <connection from="t40" to="t17" type="TRUE" sourcePosition="SOUTH" targetPosition="NORTH" />
    <connection from="t42" to="t61" type="NORMAL" sourcePosition="NORTH" targetPosition="SOUTH" />
    <connection from="t43" to="t41" type="NORMAL" sourcePosition="SOUTH" targetPosition="NORTH" />
    <connection from="t44" to="t102" type="TRUE" sourcePosition="WEST" targetPosition="EAST" />
    <connection from="t45" to="t44" type="NORMAL" sourcePosition="WEST" targetPosition="SOUTH" />
    <connection from="t46" to="t49" type="TRUE" sourcePosition="SOUTH" targetPosition="NORTH" />
    <connection from="t46" to="t20" type="FALSE" sourcePosition="SOUTH" targetPosition="EAST" />
    <connection from="t46" to="t40" type="TRUE" sourcePosition="SOUTH" targetPosition="NORTH" />
    <connection from="t47" to="t45" type="NORMAL" sourcePosition="SOUTH" targetPosition="NORTH" />
    <connection from="t48" to="t29" type="TRUE" sourcePosition="SOUTH" targetPosition="NORTH" />
    <connection from="t48" to="t87" type="FALSE" sourcePosition="EAST" targetPosition="WEST" />
    <connection from="t49" to="t52" type="FALSE" sourcePosition="WEST" targetPosition="EAST" />
    <connection from="t49" to="t55" type="TRUE" sourcePosition="SOUTH" targetPosition="EAST" />
    <connection from="t50" to="t65" type="NORMAL" sourcePosition="SOUTH" targetPosition="NORTH" />
    <connection from="t51" to="t60" type="TRUE" sourcePosition="SOUTH" targetPosition="NORTH" />
    <connection from="t52" to="t55" type="TRUE" sourcePosition="NORTH" targetPosition="SOUTH" />
    <connection from="t52" to="t20" type="FALSE" sourcePosition="SOUTH" targetPosition="NORTH" />
    <connection from="t53" to="t99" type="NORMAL" sourcePosition="SOUTH" targetPosition="NORTH" />
    <connection from="t54" to="t38" type="FALSE" sourcePosition="NORTH" targetPosition="SOUTH" />
    <connection from="t54" to="t35" type="TRUE" sourcePosition="NORTH" targetPosition="SOUTH" />
    <connection from="t55" to="t20" type="NORMAL" sourcePosition="WEST" targetPosition="NORTH" />
    <connection from="t55" to="t21" type="EXCEPTION" sourcePosition="EAST" targetPosition="WEST" />
    <connection from="t56" to="t50" type="NORMAL" sourcePosition="WEST" targetPosition="EAST" />
    <connection from="t57" to="t37" type="TRUE" sourcePosition="SOUTH" targetPosition="NORTH" />
    <connection from="t57" to="t25" type="FALSE" sourcePosition="EAST" targetPosition="WEST" />
    <connection from="t58" to="t81" type="TRUE" sourcePosition="SOUTH" targetPosition="NORTH" />
    <connection from="t58" to="t80" type="FALSE" sourcePosition="NORTH" targetPosition="SOUTH" />
    <connection from="t59" to="t50" type="FALSE" sourcePosition="WEST" targetPosition="EAST" />
    <connection from="t59" to="t33" type="TRUE" sourcePosition="SOUTH" targetPosition="NORTH" />
    <connection from="t60" to="t53" type="NORMAL" sourcePosition="EAST" targetPosition="NORTH" />
    <connection from="t61" to="t63" type="TRUE" sourcePosition="WEST" targetPosition="EAST" />
    <connection from="t61" to="t73" type="TRUE" sourcePosition="SOUTH" targetPosition="NORTH" />
    <connection from="t62" to="t86" type="TRUE" sourcePosition="NORTH" targetPosition="SOUTH" />
    <connection from="t63" to="t56" type="TRUE" sourcePosition="EAST" targetPosition="WEST" />
    <connection from="t63" to="t64" type="FALSE" sourcePosition="NORTH" targetPosition="SOUTH" />
    <connection from="t64" to="t24" type="TRUE" sourcePosition="EAST" targetPosition="WEST" />
    <connection from="t64" to="t59" type="FALSE" sourcePosition="NORTH" targetPosition="SOUTH" />
    <connection from="t65" to="t27" type="NORMAL" sourcePosition="SOUTH" targetPosition="NORTH" />
    <connection from="t66" to="t55" type="TRUE" sourcePosition="SOUTH" targetPosition="NORTH" />
    <connection from="t66" to="t20" type="FALSE" sourcePosition="SOUTH" targetPosition="NORTH" />
    <connection from="t67" to="t74" type="TRUE" sourcePosition="EAST" targetPosition="WEST" />
    <connection from="t67" to="t63" type="FALSE" sourcePosition="NORTH" targetPosition="SOUTH" />
    <connection from="t69" to="t31" type="NORMAL" sourcePosition="WEST" targetPosition="SOUTH" />
    <connection from="t70" to="t47" type="NORMAL" sourcePosition="SOUTH" targetPosition="NORTH" />
    <connection from="t70" to="t44" type="EXCEPTION" sourcePosition="SOUTH" targetPosition="NORTH" />
    <connection from="t71" to="t62" type="TRUE" sourcePosition="EAST" targetPosition="WEST" />
    <connection from="t72" to="t68" type="NORMAL" sourcePosition="SOUTH" targetPosition="NORTH" />
    <connection from="t74" to="t63" type="NORMAL" sourcePosition="NORTH" targetPosition="NORTH" />
    <connection from="t75" to="t101" type="NORMAL" sourcePosition="EAST" targetPosition="WEST" />
    <connection from="t75" to="t78" type="EXCEPTION" sourcePosition="EAST" targetPosition="WEST" />
    <connection from="t76" to="t75" type="TRUE" sourcePosition="SOUTH" targetPosition="NORTH" />
    <connection from="t77" to="t82" type="TRUE" sourcePosition="SOUTH" targetPosition="NORTH" />
    <connection from="t77" to="t58" type="FALSE" sourcePosition="WEST" targetPosition="EAST" />
    <connection from="t80" to="t50" type="TRUE" sourcePosition="NORTH" targetPosition="WEST" />
    <connection from="t80" to="t37" type="FALSE" sourcePosition="NORTH" targetPosition="WEST" />
    <connection from="t81" to="t28" type="NORMAL" sourcePosition="SOUTH" targetPosition="SOUTH" />
    <connection from="t82" to="t28" type="NORMAL" sourcePosition="EAST" targetPosition="SOUTH" />
    <connection from="t83" to="t98" type="NORMAL" sourcePosition="SOUTH" targetPosition="NORTH" />
    <connection from="t84" to="t55" type="TRUE" sourcePosition="EAST" targetPosition="WEST" />
    <connection from="t84" to="t66" type="FALSE" sourcePosition="SOUTH" targetPosition="NORTH" />
    <connection from="t85" to="t26" type="TRUE" sourcePosition="EAST" targetPosition="WEST" />
    <connection from="t85" to="t67" type="FALSE" sourcePosition="NORTH" targetPosition="SOUTH" />
    <connection from="t86" to="t54" type="FALSE" sourcePosition="EAST" targetPosition="WEST" />
    <connection from="t86" to="t35" type="TRUE" sourcePosition="NORTH" targetPosition="SOUTH" />
    <connection from="t87" to="t36" type="TRUE" sourcePosition="SOUTH" targetPosition="NORTH" />
    <connection from="t87" to="t77" type="FALSE" sourcePosition="NORTH" targetPosition="NORTH" />
    <connection from="t88" to="t90" type="EXCEPTION" sourcePosition="WEST" targetPosition="EAST" />
    <connection from="t88" to="t51" type="NORMAL" sourcePosition="SOUTH" targetPosition="NORTH" />
    <connection from="t88" to="t76" type="NORMAL" sourcePosition="SOUTH" targetPosition="NORTH" />
    <connection from="t89" to="t22" type="FALSE" sourcePosition="NORTH" targetPosition="SOUTH" />
    <connection from="t89" to="t88" type="TRUE" sourcePosition="SOUTH" targetPosition="NORTH" />
    <connection from="t91" to="t92" type="NORMAL" sourcePosition="SOUTH" targetPosition="NORTH" />
    <connection from="t92" to="t50" type="TRUE" sourcePosition="EAST" targetPosition="NORTH" />
    <connection from="t92" to="t89" type="FALSE" sourcePosition="WEST" targetPosition="EAST" />
    <connection from="t92" to="t79" type="EXCEPTION" sourcePosition="EAST" targetPosition="NORTH" />
    <connection from="t92" to="t84" type="FALSE" sourcePosition="EAST" targetPosition="WEST" />
    <connection from="t97" to="t42" type="NORMAL" sourcePosition="NORTH" targetPosition="SOUTH" />
    <connection from="t97" to="t93" type="NOTE" sourcePosition="SOUTH" targetPosition="NORTH" />
    <connection from="t98" to="t30" type="NORMAL" sourcePosition="NORTH" targetPosition="SOUTH" />
    <connection from="t98" to="t93" type="NOTE" sourcePosition="SOUTH" targetPosition="NORTH" />
    <connection from="t99" to="t83" type="NORMAL" sourcePosition="NORTH" targetPosition="SOUTH" />
    <connection from="t99" to="t93" type="NOTE" sourcePosition="SOUTH" targetPosition="NORTH" />
    <connection from="t100" to="t34" type="NORMAL" sourcePosition="NORTH" targetPosition="WEST" />
    <connection from="t100" to="t96" type="NOTE" sourcePosition="NORTH" targetPosition="SOUTH" />
    <connection from="t101" to="t70" type="NORMAL" sourcePosition="WEST" targetPosition="EAST" />
    <connection from="t101" to="t95" type="NOTE" sourcePosition="EAST" targetPosition="WEST" />
    <connection from="t102" to="t94" type="NOTE" sourcePosition="WEST" targetPosition="EAST" />
  </flow>
</data>