<?xml version='1.0' encoding='UTF-8' standalone='yes' ?>
<data version="1.38.0">
  <trigger type="app_task_ended">
    <useDefaultName>true</useDefaultName>
    <name>App Task Ended: th.in.robinhood.rider</name>
    <enabled>true</enabled>
    <method>USAGE_STATISTICS</method>
    <packageNameFilter>th.in.robinhood.rider</packageNameFilter>
  </trigger>
  <trigger type="app_task_started">
    <useDefaultName>true</useDefaultName>
    <name>App Task Started: th.in.robinhood.rider</name>
    <enabled>true</enabled>
    <method>USAGE_STATISTICS</method>
    <packageNameFilter>th.in.robinhood.rider</packageNameFilter>
  </trigger>
  <trigger type="user_interface_event">
    <useDefaultName>false</useDefaultName>
    <name>PHANToM RBH Focused</name>
    <enabled>true</enabled>
    <accessibilityEventType>TYPE_VIEW_FOCUSED</accessibilityEventType>
    <packageNameFilter>th.in.robinhood.rider</packageNameFilter>
    <textMatchType>CONTAINS_TEXT</textMatchType>
    <textFilter></textFilter>
    <removeNonPrintableCharacters>false</removeNonPrintableCharacters>
  </trigger>
  <trigger type="notification_status_bar_displayed">
    <useDefaultName>false</useDefaultName>
    <name>PHANToM RBH Notification</name>
    <enabled>true</enabled>
    <packageNameFilter>th.in.robinhood.rider</packageNameFilter>
    <textMatchField>TEXT</textMatchField>
    <textMatchType>CONTAINS_TEXT</textMatchType>
    <textFilter></textFilter>
    <ignoreRegular>false</ignoreRegular>
    <ignoreOngoing>false</ignoreOngoing>
    <ignoreGroupSummary>false</ignoreGroupSummary>
  </trigger>
  <trigger type="quick_settings_tile_selected">
    <useDefaultName>false</useDefaultName>
    <name>Tile 1 Robinhood </name>
    <enabled>true</enabled>
    <tileID>TILE_1</tileID>
    <label>RBH Tools</label>
    <iconType>CUSTOM</iconType>
    <icon>STAR_FULL</icon>
    <customIconPath>/storage/emulated/0/PHANToM icon.png</customIconPath>
    <shouldCollapsePanel>true</shouldCollapsePanel>
  </trigger>
  <condition type="app_task_running">
    <useDefaultName>true</useDefaultName>
    <name>App Task Running: th.in.robinhood.rider (most recent)</name>
    <method>USAGE_STATISTICS</method>
    <packageNameList>th.in.robinhood.rider</packageNameList>
    <checkMostRecentAppTaskOnly>true</checkMostRecentAppTaskOnly>
  </condition>
  <condition type="app_task_running">
    <useDefaultName>false</useDefaultName>
    <name>App Task Running: th.in.robinhood.rider (most recent)f</name>
    <method>CLASSIC</method>
    <packageNameList>th.in.robinhood.rider</packageNameList>
    <checkMostRecentAppTaskOnly>true</checkMostRecentAppTaskOnly>
  </condition>
  <condition type="app_task_running">
    <useDefaultName>false</useDefaultName>
    <name>App Task Running: th.in.robinhood.rider (most recent)g</name>
    <method>CLASSIC</method>
    <packageNameList>th.in.robinhood.rider</packageNameList>
    <checkMostRecentAppTaskOnly>true</checkMostRecentAppTaskOnly>
  </condition>
  <condition type="expression">
    <useDefaultName>true</useDefaultName>
    <name>Expression: global_Ams == 1</name>
    <expression>global_Ams == 1</expression>
  </condition>
  <condition type="expression">
    <useDefaultName>true</useDefaultName>
    <name>Expression: global_pinl == 2</name>
    <expression>global_pinl == 2</expression>
  </condition>
  <condition type="expression">
    <useDefaultName>true</useDefaultName>
    <name>Expression: global_pinl == 2 or global_pinl == 1</name>
    <expression>global_pinl == 2 or global_pinl == 1</expression>
  </condition>
  <condition type="expression">
    <useDefaultName>true</useDefaultName>
    <name>Expression: global_popup == 1</name>
    <expression>global_popup == 1</expression>
  </condition>
  <condition type="expression">
    <useDefaultName>true</useDefaultName>
    <name>Expression: global_Sn == 0 and index == 4</name>
    <expression>global_Sn == 0 and index == 4</expression>
  </condition>
  <condition type="expression">
    <useDefaultName>true</useDefaultName>
    <name>Expression: global_Sn == 1 and index == 4</name>
    <expression>global_Sn == 1 and index == 4</expression>
  </condition>
  <condition type="expression">
    <useDefaultName>true</useDefaultName>
    <name>Expression: global_Sn == 2</name>
    <expression>global_Sn == 2</expression>
  </condition>
  <condition type="expression">
    <useDefaultName>true</useDefaultName>
    <name>Expression: index == -1 or index == 6</name>
    <expression>index == -1 or index == 6</expression>
  </condition>
  <condition type="expression">
    <useDefaultName>true</useDefaultName>
    <name>Expression: index == 0</name>
    <expression>index == 0</expression>
  </condition>
  <condition type="expression">
    <useDefaultName>true</useDefaultName>
    <name>Expression: index == 1</name>
    <expression>index == 1</expression>
  </condition>
  <condition type="expression">
    <useDefaultName>true</useDefaultName>
    <name>Expression: index == 2</name>
    <expression>index == 2</expression>
  </condition>
  <condition type="expression">
    <useDefaultName>true</useDefaultName>
    <name>Expression: index == 3</name>
    <expression>index == 3</expression>
  </condition>
  <condition type="expression">
    <useDefaultName>true</useDefaultName>
    <name>Expression: index == 3 and global_Ams == 0</name>
    <expression>index == 3 and  global_Ams == 0</expression>
  </condition>
  <condition type="expression">
    <useDefaultName>true</useDefaultName>
    <name>Expression: index == 3 and global_Ams == 1</name>
    <expression>index == 3 and  global_Ams == 1</expression>
  </condition>
  <condition type="expression">
    <useDefaultName>true</useDefaultName>
    <name>Expression: index == 4</name>
    <expression>index == 4</expression>
  </condition>
  <condition type="expression">
    <useDefaultName>true</useDefaultName>
    <name>Expression: index == 5</name>
    <expression>index == 5</expression>
  </condition>
  <condition type="expression">
    <useDefaultName>true</useDefaultName>
    <name>Expression: trigger == "App Task Ended: th.in.robinhood.rider" or trigger == "App Task Started: th.in.robinhood.rider"</name>
    <expression>trigger == "App Task Ended: th.in.robinhood.rider" or

trigger == "App Task Started: th.in.robinhood.rider"</expression>
  </condition>
  <condition type="expression">
    <useDefaultName>true</useDefaultName>
    <name>Expression: trigger == "PHANToM RBH Focused"</name>
    <expression>trigger == "PHANToM RBH Focused"</expression>
  </condition>
  <condition type="expression">
    <useDefaultName>true</useDefaultName>
    <name>Expression: trigger == "PHANToM RBH Notification"</name>
    <expression>trigger == "PHANToM RBH Notification"</expression>
  </condition>
  <condition type="expression">
    <useDefaultName>true</useDefaultName>
    <name>Expression: trigger == "Tile 1 Robinhood "</name>
    <expression>trigger == "Tile 1 Robinhood "</expression>
  </condition>
  <condition type="screen_on">
    <useDefaultName>true</useDefaultName>
    <name>Screen On</name>
  </condition>
  <action type="launch_app">
    <useDefaultName>false</useDefaultName>
    <name>Accessobility</name>
    <packageName>com.android.settings</packageName>
    <className>com.android.settings.Settings$AccessibilitySettingsActivity</className>
  </action>
  <action type="execute_root_command">
    <useDefaultName>false</useDefaultName>
    <name>Animator
Duration
Scale</name>
    <command>settings put global animator_duration_scale 0.0034</command>
    <user>root</user>
    <seContext></seContext>
    <workingDirectory></workingDirectory>
    <timeout>300000</timeout>
    <variableStdout>stdout</variableStdout>
    <variableStderr>stderr</variableStderr>
    <variableExitCode>exit_code</variableExitCode>
  </action>
  <action type="execute_root_command">
    <useDefaultName>false</useDefaultName>
    <name>Animator ON
duration scale</name>
    <command>settings put global animator_duration_scale 1

settings put global transition_animation_scale 1

settings put global window_animation_scale 1

</command>
    <user>root</user>
    <seContext></seContext>
    <workingDirectory></workingDirectory>
    <timeout>300000</timeout>
    <variableStdout>stdout</variableStdout>
    <variableStderr>stderr</variableStderr>
    <variableExitCode>exit_code</variableExitCode>
  </action>
  <action type="launch_app">
    <useDefaultName>false</useDefaultName>
    <name>Apps info</name>
    <packageName>com.android.settings</packageName>
    <className>com.android.settings.applications.ManageApplications</className>
  </action>
  <action type="clear_automagic_log">
    <useDefaultName>false</useDefaultName>
    <name>Clear PHANToM Log</name>
  </action>
  <action type="control_user_interface">
    <useDefaultName>true</useDefaultName>
    <name>Control UI: click("เข้าสู่ระบบ");</name>
    <script>click("เข้าสู่ระบบ");</script>
  </action>
  <action type="control_user_interface">
    <useDefaultName>true</useDefaultName>
    <name>Control UI: if(global_PHANToM_PIN == null){E_noti = "❗ยังไม่ได้ตั้งค่ารหัส PIN 6 หลัก ❗";a = null;sqrt(a)}; PHANToM_lenght = length(global_PHANToM_PIN); if(PHANToM_lenght &lt; 6){E_noti = "ตั้งค่ารหัส PIN ให้ครบ 6 หลัก";a = null;sqrt(a)} else if(PHANToM_lenght &gt; 6){E_noti = "รหัส PIN ควรมีเลขเพียง 6 หลัก";a = null</name>
    <script>if(global_PHANToM_PIN == null){E_noti = "❗ยังไม่ได้ตั้งค่ารหัส PIN 6 หลัก ❗";a = null;sqrt(a)};
PHANToM_lenght = length(global_PHANToM_PIN);
if(PHANToM_lenght &lt; 6){E_noti = "ตั้งค่ารหัส PIN ให้ครบ 6 หลัก";a = null;sqrt(a)}
else if(PHANToM_lenght &gt; 6){E_noti = "รหัส PIN ควรมีเลขเพียง 6 หลัก";a = null;sqrt(a)}
else if(PHANToM_lenght == "" or PHANToM_lenght == null or PHANToM_lenght == 0){E_noti = "❗ยังไม่ได้ตั้งค่ารหัส PIN 6 หลัก ❗";a = null;sqrt(a)};
</script>
  </action>
  <action type="control_user_interface">
    <useDefaultName>true</useDefaultName>
    <name>Control UI: Login = getBounds("*เข้าสู่ระบบ*"); PHANToM_PIN0 = global_PHANToM_PIN; PHANToM_PIN = findAll(PHANToM_PIN0, '[0-9]'); sleep(50); Login = getBounds("*เข้าสู่ระบบ*"); if(Login == null ){a = null; sqrt(a)} P0 = getElement(PHANToM_PIN, 0); P1 = getElement(PHANToM_PIN, 1); P2 = getElement(PHANToM_PIN, 2);</name>
    <script>Login = getBounds("*เข้าสู่ระบบ*");
PHANToM_PIN0 = global_PHANToM_PIN;
PHANToM_PIN = findAll(PHANToM_PIN0, '[0-9]');
sleep(50);

Login = getBounds("*เข้าสู่ระบบ*");

if(Login  == null  ){a = null; sqrt(a)}
P0 = getElement(PHANToM_PIN, 0);
P1 = getElement(PHANToM_PIN, 1);
P2 = getElement(PHANToM_PIN, 2);
P3 = getElement(PHANToM_PIN, 3);
P4 = getElement(PHANToM_PIN, 4);
P5 = getElement(PHANToM_PIN, 5);
sleep(300);
selectAll();
sendText(PHANToM_PIN0);</script>
  </action>
  <action type="control_user_interface">
    <useDefaultName>true</useDefaultName>
    <name>Control UI: sleep(20); Login = getBounds("*เข้าสู่ระบบ*"); Login = getBounds("*เข้าสู่ระบบ*"); Login = getBounds("*เข้าสู่ระบบ*"); if(Login == null){a = null; sqrt(a)}</name>
    <script>sleep(20);
Login = getBounds("*เข้าสู่ระบบ*");
Login = getBounds("*เข้าสู่ระบบ*");
Login = getBounds("*เข้าสู่ระบบ*");
if(Login == null){a = null; sqrt(a)}</script>
  </action>
  <action type="sleep">
    <useDefaultName>false</useDefaultName>
    <name>DELAY SCALE</name>
    <duration>500ms</duration>
    <keepDeviceAwake>true</keepDeviceAwake>
    <allowWakeupFromDeviceIdle>false</allowWakeupFromDeviceIdle>
  </action>
  <action type="input_dialog">
    <useDefaultName>true</useDefaultName>
    <name>Input Dialog: Set Your PIN  Single-line text ใส่รหัส PIN 6 หลัก</name>
    <title>Set Your PIN </title>
    <inputDialogType>SINGLE_LINE_TEXT</inputDialogType>
    <prompt>ใส่รหัส PIN 6 หลัก</prompt>
    <inputValues></inputValues>
    <defaultValue>{global_PHANToM_PIN}</defaultValue>
    <titleFontSize>DEFAULT</titleFontSize>
    <promptFontSize>DEFAULT</promptFontSize>
    <fontSize>DEFAULT</fontSize>
    <timeoutEnabled>false</timeoutEnabled>
    <timeout>60000</timeout>
    <defaultValueOnTimeout></defaultValueOnTimeout>
    <showWhenLocked>false</showWhenLocked>
    <turnScreenOn>false</turnScreenOn>
    <keepScreenOn>false</keepScreenOn>
    <enlargeDialogWidth>false</enlargeDialogWidth>
    <keyboardCapitalizeSentences>false</keyboardCapitalizeSentences>
  </action>
  <action type="input_dialog">
    <useDefaultName>true</useDefaultName>
    <name>Input Dialog: Settings Single Choice Menu Set Your PIN [{global_PHANToM_PIN}],Enable Input Method,Apps Info,Accessibility Services,&lt;- Back,[&lt; Exit</name>
    <title>Settings</title>
    <inputDialogType>SINGLE_CHOICE_MENU</inputDialogType>
    <prompt></prompt>
    <inputValues>Set Your PIN [{global_PHANToM_PIN}],Enable Input Method,Apps Info,Accessibility Services,&lt;- Back,[&lt; Exit</inputValues>
    <defaultValue></defaultValue>
    <titleFontSize>DEFAULT</titleFontSize>
    <promptFontSize>DEFAULT</promptFontSize>
    <fontSize>DEFAULT</fontSize>
    <timeoutEnabled>false</timeoutEnabled>
    <timeout>60000</timeout>
    <defaultValueOnTimeout></defaultValueOnTimeout>
    <showWhenLocked>false</showWhenLocked>
    <turnScreenOn>false</turnScreenOn>
    <keepScreenOn>false</keepScreenOn>
    <enlargeDialogWidth>false</enlargeDialogWidth>
    <keyboardCapitalizeSentences>false</keyboardCapitalizeSentences>
  </action>
  <action type="launch_app">
    <useDefaultName>false</useDefaultName>
    <name>Keyboard Enable</name>
    <packageName>com.android.settings</packageName>
    <className>com.android.settings.Settings$AvailableVirtualKeyboardActivity</className>
  </action>
  <action type="launch_app">
    <useDefaultName>true</useDefaultName>
    <name>Launch App: th.in.robinhood.rider</name>
    <packageName>th.in.robinhood.rider</packageName>
    <className></className>
  </action>
  <action type="message_dialog">
    <useDefaultName>true</useDefaultName>
    <name>Message Dialog: PHANToM เลือก เปิดใช้งานคีย์บอร์ด ของแอป Automagic ที่ใช้</name>
    <title>PHANToM</title>
    <message>เลือก เปิดใช้งานคีย์บอร์ด 
ของแอป Automagic ที่ใช้</message>
    <buttonLabel>ตกลง</buttonLabel>
    <timeoutEnabled>false</timeoutEnabled>
    <timeout>60000</timeout>
  </action>
  <action type="notification_screen">
    <useDefaultName>true</useDefaultName>
    <name>Notification on Screen: done !</name>
    <showText>true</showText>
    <text>done !</text>
    <widgetName></widgetName>
    <width></width>
    <height></height>
    <stretchToFillArea>false</stretchToFillArea>
    <opacity>1.00</opacity>
    <durationLong>false</durationLong>
    <customPosition>false</customPosition>
    <gravityType>TOP_LEFT</gravityType>
    <xOffset>0</xOffset>
    <yOffset>0</yOffset>
  </action>
  <action type="notification_screen">
    <useDefaultName>true</useDefaultName>
    <name>Notification on Screen: Exit</name>
    <showText>true</showText>
    <text>Exit</text>
    <widgetName></widgetName>
    <width></width>
    <height></height>
    <stretchToFillArea>false</stretchToFillArea>
    <opacity>1.00</opacity>
    <durationLong>false</durationLong>
    <customPosition>false</customPosition>
    <gravityType>TOP_LEFT</gravityType>
    <xOffset>0</xOffset>
    <yOffset>0</yOffset>
  </action>
  <action type="notification_screen">
    <useDefaultName>true</useDefaultName>
    <name>Notification on Screen: Processing</name>
    <showText>true</showText>
    <text>Processing</text>
    <widgetName></widgetName>
    <width></width>
    <height></height>
    <stretchToFillArea>false</stretchToFillArea>
    <opacity>1.00</opacity>
    <durationLong>false</durationLong>
    <customPosition>false</customPosition>
    <gravityType>TOP_LEFT</gravityType>
    <xOffset>0</xOffset>
    <yOffset>0</yOffset>
  </action>
  <action type="notification_screen">
    <useDefaultName>true</useDefaultName>
    <name>Notification on Screen: Typing Keyboard</name>
    <showText>true</showText>
    <text>Typing Keyboard</text>
    <widgetName></widgetName>
    <width></width>
    <height></height>
    <stretchToFillArea>false</stretchToFillArea>
    <opacity>1.00</opacity>
    <durationLong>false</durationLong>
    <customPosition>false</customPosition>
    <gravityType>TOP_LEFT</gravityType>
    <xOffset>0</xOffset>
    <yOffset>0</yOffset>
  </action>
  <action type="notification_screen">
    <useDefaultName>true</useDefaultName>
    <name>Notification on Screen: {E_noti}</name>
    <showText>true</showText>
    <text>{E_noti}</text>
    <widgetName></widgetName>
    <width></width>
    <height></height>
    <stretchToFillArea>false</stretchToFillArea>
    <opacity>1.00</opacity>
    <durationLong>false</durationLong>
    <customPosition>false</customPosition>
    <gravityType>TOP_LEFT</gravityType>
    <xOffset>0</xOffset>
    <yOffset>0</yOffset>
  </action>
  <action type="input_dialog">
    <useDefaultName>false</useDefaultName>
    <name>PHANToM FD2</name>
    <title>PHANToM RBH Tools</title>
    <inputDialogType>SINGLE_CHOICE_MENU</inputDialogType>
    <prompt></prompt>
    <inputValues>[  Keyboard For Typing  ] ,{pop} - Auto Launch RBH [{pop1}],{pin} - Auto Login RBH [{pin1}],{ams} - Auto Animation Set [{ams1}],{sn} - KEEP SCREEN ON [{sn1}],Settings,[&lt; Exit</inputValues>
    <defaultValue></defaultValue>
    <titleFontSize>DEFAULT</titleFontSize>
    <promptFontSize>DEFAULT</promptFontSize>
    <fontSize>DEFAULT</fontSize>
    <timeoutEnabled>false</timeoutEnabled>
    <timeout>60000</timeout>
    <defaultValueOnTimeout></defaultValueOnTimeout>
    <showWhenLocked>false</showWhenLocked>
    <turnScreenOn>false</turnScreenOn>
    <keepScreenOn>false</keepScreenOn>
    <enlargeDialogWidth>false</enlargeDialogWidth>
    <keyboardCapitalizeSentences>false</keyboardCapitalizeSentences>
  </action>
  <action type="script">
    <useDefaultName>true</useDefaultName>
    <name>Script: global_PHANToM_PIN = value</name>
    <script>global_PHANToM_PIN = value</script>
  </action>
  <action type="script">
    <useDefaultName>true</useDefaultName>
    <name>Script: if(global_popup == 1){pop = "🟢";pop1 = "ON";} else if(global_popup != 1){pop = "🔴";pop1 = "OFF";}; if(global_pinl == null){global_pinl =0}; if(global_pinl == 0){pin = "🔴";pin1 = "OFF"} else if(global_pinl == 1){pin = "🟢";pin1 = "ON - I";} else if(global_pinl == 2){pin = "🟢";pin1 = "ON - II";}; if(global_Ams != 1){ams = "🔴";ams1 = "OFF"} else if(global_Ams == 1){ams = "🟢";ams1 = "ON"}; if(global_Sn == null){global_Sn = 0}; if(global_Sn == 0){sn = "🔴"; sn1 = "OFF";} else if(global_Sn == 1){sn = "🟢"; sn1 = "ON"} else if(global_Sn == 2){sn = "🟢";sn1 = "ON - Auto"}</name>
    <script>if(global_popup == 1){pop = "🟢";pop1 = "ON";}
else if(global_popup != 1){pop = "🔴";pop1 = "OFF";};

if(global_pinl == null){global_pinl =0};
if(global_pinl == 0){pin = "🔴";pin1 = "OFF"}
else if(global_pinl == 1){pin = "🟢";pin1 = "ON - I";}
else if(global_pinl == 2){pin = "🟢";pin1 = "ON - II";};

if(global_Ams != 1){ams = "🔴";ams1 = "OFF"}
else if(global_Ams == 1){ams = "🟢";ams1 = "ON"};

if(global_Sn == null){global_Sn = 0};
if(global_Sn == 0){sn = "🔴"; sn1 = "OFF";}
else if(global_Sn == 1){sn = "🟢"; sn1 = "ON"}
else if(global_Sn == 2){sn = "🟢";sn1 = "ON - Auto"}</script>
  </action>
  <action type="script">
    <useDefaultName>true</useDefaultName>
    <name>Script: if(index == 1){ if(global_popup == 1){global_popup = 0} else if(global_popup != 1){global_popup = 1}} else if(index == 2){ if(global_pinl == 0){global_pinl = 1} else if(global_pinl == 1){global_pinl = 2;} else if(global_pinl == 2){global_pinl = 0}} else if(index == 3){ if(global_Ams != 1){global_Ams = 1} else if(global_Ams == 1){global_Ams = 0};} else if(index == 4){ if(global_Sn == 0){global_Sn = 1} else if(global_Sn == 1){global_Sn = 2} else if(global_Sn == 2){global_Sn = 0}}</name>
    <script>if(index == 1){
if(global_popup == 1){global_popup = 0}
else if(global_popup != 1){global_popup = 1}}

else if(index == 2){
if(global_pinl == 0){global_pinl = 1}
else if(global_pinl == 1){global_pinl = 2;}
else if(global_pinl == 2){global_pinl = 0}}

else if(index == 3){
if(global_Ams != 1){global_Ams = 1}
else if(global_Ams == 1){global_Ams = 0};}

else if(index == 4){
if(global_Sn == 0){global_Sn = 1}
else if(global_Sn == 1){global_Sn = 2}
else if(global_Sn == 2){global_Sn = 0}}</script>
  </action>
  <action type="set_screen_timeout">
    <useDefaultName>true</useDefaultName>
    <name>Set Screen Timeout: 2 Minutes</name>
    <screenTimeoutValue>MINUTES_2</screenTimeoutValue>
  </action>
  <action type="set_screen_timeout">
    <useDefaultName>true</useDefaultName>
    <name>Set Screen Timeout: Never</name>
    <screenTimeoutValue>NEVER</screenTimeoutValue>
  </action>
  <action type="show_home_screen">
    <useDefaultName>true</useDefaultName>
    <name>Show Home Screen</name>
    <pageEnabled>false</pageEnabled>
    <page>1</page>
  </action>
  <action type="sleep">
    <useDefaultName>true</useDefaultName>
    <name>Sleep: 500ms (keep device awake)</name>
    <duration>500ms</duration>
    <keepDeviceAwake>true</keepDeviceAwake>
    <allowWakeupFromDeviceIdle>false</allowWakeupFromDeviceIdle>
  </action>
  <action type="sleep">
    <useDefaultName>true</useDefaultName>
    <name>Sleep: 700ms (keep device awake)</name>
    <duration>700ms</duration>
    <keepDeviceAwake>true</keepDeviceAwake>
    <allowWakeupFromDeviceIdle>false</allowWakeupFromDeviceIdle>
  </action>
  <action type="execute_root_command">
    <useDefaultName>false</useDefaultName>
    <name>Transition
Animation
Scale</name>
    <command>settings put global transition_animation_scale 0</command>
    <user>root</user>
    <seContext></seContext>
    <workingDirectory></workingDirectory>
    <timeout>300000</timeout>
    <variableStdout>stdout</variableStdout>
    <variableStderr>stderr</variableStderr>
    <variableExitCode>exit_code</variableExitCode>
  </action>
  <action type="execute_root_command">
    <useDefaultName>false</useDefaultName>
    <name>Window
Animation
Scale</name>
    <command>settings put global window_animation_scale 0.002</command>
    <user>root</user>
    <seContext></seContext>
    <workingDirectory></workingDirectory>
    <timeout>300000</timeout>
    <variableStdout>stdout</variableStdout>
    <variableStderr>stderr</variableStderr>
    <variableExitCode>exit_code</variableExitCode>
  </action>
  <action type="control_user_interface">
    <useDefaultName>false</useDefaultName>
    <name>กลับหน้ารับงาน</name>
    <script>back();
back();</script>
  </action>
  <action type="set_default_input_method">
    <useDefaultName>false</useDefaultName>
    <name>คีย์บอร์ด เดิม สำหรับพิมพ์</name>
    <inputMethod>com.google.android.inputmethod.latin/com.android.inputmethod.latin.LatinIME</inputMethod>
  </action>
  <action type="set_default_input_method">
    <useDefaultName>false</useDefaultName>
    <name>คีย์บอร์ด เมจิกที่ใช้</name>
    <inputMethod>com.preff.kb.xm/ch.gridvision.ppam.androidautomagic.keyboard.AutotypeInputMethodService</inputMethod>
  </action>
  <action type="sleep">
    <useDefaultName>false</useDefaultName>
    <name>⏳
SLEEP ON

NOFACE</name>
    <duration>60ms</duration>
    <keepDeviceAwake>true</keepDeviceAwake>
    <allowWakeupFromDeviceIdle>false</allowWakeupFromDeviceIdle>
  </action>
  <action type="turn_screen_on">
    <useDefaultName>false</useDefaultName>
    <name>📺
SCREEN  ON

NOFACE</name>
    <bright>true</bright>
    <duration>1ms</duration>
    <resetUserActivityTimer>true</resetUserActivityTimer>
  </action>
  <action type="dismiss_slide_to_unlock_keyguard">
    <useDefaultName>false</useDefaultName>
    <name>📺
UNLOCK SCREEN

NOFACE</name>
  </action>
  <flow type="flow">
    <name>PHANToM RBH Tools</name>
    <description>PHANToM ROOTED
ตั้มปุ่ม ที่1 (Tile 1)</description>
    <group>PHANToM RBH </group>
    <enabled>true</enabled>
    <executionPolicy>PARALLEL</executionPolicy>
    <actioncontainer id="t1" x="419.9996" y="437.5001">DELAY SCALE</actioncontainer>
    <actioncontainer id="t2" x="419.99982" y="437.49976">DELAY SCALE</actioncontainer>
    <actioncontainer id="t3" x="419.99988" y="437.50012">DELAY SCALE</actioncontainer>
    <conditioncontainer id="t4" x="420.0005" y="437.50024">Expression: index == 5</conditioncontainer>
    <actioncontainer id="t5" x="420.0" y="437.49988">Control UI: click("เข้าสู่ระบบ");</actioncontainer>
    <conditioncontainer id="t6" x="420.00006" y="437.49954">Expression: global_Sn == 1 and index == 4</conditioncontainer>
    <actioncontainer id="t7" x="420.0" y="437.49982">Notification on Screen: Typing Keyboard</actioncontainer>
    <actioncontainer id="t8" x="420.00006" y="437.5002">Sleep: 500ms (keep device awake)</actioncontainer>
    <conditioncontainer id="t9" x="419.99994" y="437.50006">Expression: global_Sn == 0 and index == 4</conditioncontainer>
    <actioncontainer id="t10" x="419.99994" y="437.49966">PHANToM FD2</actioncontainer>
    <actioncontainer id="t11" x="420.00003" y="437.49982">Control UI: Login = getBounds("*เข้าสู่ระบบ*"); PHANToM_PIN0 = global_PHANToM_PIN; PHANToM_PIN = findAll(PHANToM_PIN0, '[0-9]'); sleep(50); Login = getBounds("*เข้าสู่ระบบ*"); if(Login == null ){a = null; sqrt(a)} P0 = getElement(PHANToM_PIN, 0); P1 = getElement(PHANToM_PIN, 1); P2 = getElement(PHANToM_PIN, 2);</actioncontainer>
    <conditioncontainer id="t12" x="420.0" y="437.50006">Expression: global_Ams == 1</conditioncontainer>
    <conditioncontainer id="t13" x="420.00006" y="437.5">Expression: index == 0</conditioncontainer>
    <actioncontainer id="t14" x="419.99982" y="437.49994">Animator ON
duration scale</actioncontainer>
    <conditioncontainer id="t15" x="420.00027" y="437.49988">Expression: index == 3 and global_Ams == 1</conditioncontainer>
    <actioncontainer id="t16" x="419.99988" y="437.50003">Notification on Screen: Processing</actioncontainer>
    <conditioncontainer id="t17" x="420.00024" y="437.4999">Expression: index == 3 and global_Ams == 0</conditioncontainer>
    <actioncontainer id="t18" x="419.99988" y="437.5">Animator ON
duration scale</actioncontainer>
    <actioncontainer id="t19" x="419.99976" y="437.50043">Notification on Screen: done !</actioncontainer>
    <conditioncontainer id="t20" x="419.99976" y="437.49994">Expression: index == 4</conditioncontainer>
    <conditioncontainer id="t21" x="420.0" y="437.5">Expression: index == 2</conditioncontainer>
    <actioncontainer id="t22" x="419.99997" y="437.49985">Script: if(index == 1){ if(global_popup == 1){global_popup = 0} else if(global_popup != 1){global_popup = 1}} else if(index == 2){ if(global_pinl == 0){global_pinl = 1} else if(global_pinl == 1){global_pinl = 2;} else if(global_pinl == 2){global_pinl = 0}} else if(index == 3){ if(global_Ams != 1){global_Ams = 1} else if(global_Ams == 1){global_Ams = 0};} else if(index == 4){ if(global_Sn == 0){global_Sn = 1} else if(global_Sn == 1){global_Sn = 2} else if(global_Sn == 2){global_Sn = 0}}</actioncontainer>
    <actioncontainer id="t23" x="419.9998" y="437.50018">DELAY SCALE</actioncontainer>
    <conditioncontainer id="t24" x="419.99988" y="437.50037">Expression: index == -1 or index == 6</conditioncontainer>
    <actioncontainer id="t25" x="420.0003" y="437.50052">Input Dialog: Settings Single Choice Menu Set Your PIN [{global_PHANToM_PIN}],Enable Input Method,Apps Info,Accessibility Services,&lt;- Back,[&lt; Exit</actioncontainer>
    <actioncontainer id="t26" x="419.99997" y="437.50034">Notification on Screen: Exit</actioncontainer>
    <actioncontainer id="t27" x="420.00006" y="437.50012">Clear PHANToM Log</actioncontainer>
    <actioncontainer id="t28" x="420.0" y="437.4999">Apps info</actioncontainer>
    <conditioncontainer id="t29" x="420.00003" y="437.5001">Expression: index == 3</conditioncontainer>
    <actioncontainer id="t30" x="420.0" y="437.49982">Message Dialog: PHANToM เลือก เปิดใช้งานคีย์บอร์ด ของแอป Automagic ที่ใช้</actioncontainer>
    <conditioncontainer id="t31" x="419.99997" y="437.5">Expression: index == 1</conditioncontainer>
    <actioncontainer id="t32" x="420.00006" y="437.50003">Input Dialog: Set Your PIN  Single-line text ใส่รหัส PIN 6 หลัก</actioncontainer>
    <actioncontainer id="t33" x="420.00012" y="437.4999">Keyboard Enable</actioncontainer>
    <conditioncontainer id="t34" x="420.00006" y="437.49988">Expression: index == 0</conditioncontainer>
    <actioncontainer id="t35" x="420.0" y="437.49988">Accessobility</actioncontainer>
    <actioncontainer id="t36" x="419.9999" y="437.50006">Script: global_PHANToM_PIN = value</actioncontainer>
    <actioncontainer id="t37" x="420.0" y="437.4999">Sleep: 700ms (keep device awake)</actioncontainer>
    <conditioncontainer id="t38" x="419.9999" y="437.4999">Expression: global_pinl == 2</conditioncontainer>
    <actioncontainer id="t39" x="419.99988" y="437.4996">Control UI: sleep(20); Login = getBounds("*เข้าสู่ระบบ*"); Login = getBounds("*เข้าสู่ระบบ*"); Login = getBounds("*เข้าสู่ระบบ*"); if(Login == null){a = null; sqrt(a)}</actioncontainer>
    <conditioncontainer id="t40" x="420.0" y="437.49997">Expression: trigger == "PHANToM RBH Focused"</conditioncontainer>
    <conditioncontainer id="t41" x="420.00006" y="437.5001">Expression: trigger == "PHANToM RBH Notification"</conditioncontainer>
    <actioncontainer id="t42" x="419.99994" y="437.49994">Control UI: if(global_PHANToM_PIN == null){E_noti = "❗ยังไม่ได้ตั้งค่ารหัส PIN 6 หลัก ❗";a = null;sqrt(a)}; PHANToM_lenght = length(global_PHANToM_PIN); if(PHANToM_lenght &lt; 6){E_noti = "ตั้งค่ารหัส PIN ให้ครบ 6 หลัก";a = null;sqrt(a)} else if(PHANToM_lenght &gt; 6){E_noti = "รหัส PIN ควรมีเลขเพียง 6 หลัก";a = null</actioncontainer>
    <conditioncontainer id="t43" x="420.00015" y="437.50006">App Task Running: th.in.robinhood.rider (most recent)g</conditioncontainer>
    <actioncontainer id="t44" x="419.99994" y="437.49997">Clear PHANToM Log</actioncontainer>
    <conditioncontainer id="t45" x="420.00006" y="437.49997">Expression: trigger == "App Task Ended: th.in.robinhood.rider" or trigger == "App Task Started: th.in.robinhood.rider"</conditioncontainer>
    <conditioncontainer id="t46" x="420.00015" y="437.4999">App Task Running: th.in.robinhood.rider (most recent)</conditioncontainer>
    <actioncontainer id="t47" x="419.99994" y="437.49994">Set Screen Timeout: 2 Minutes</actioncontainer>
    <conditioncontainer id="t48" x="420.00003" y="437.5">Expression: global_Sn == 2</conditioncontainer>
    <conditioncontainer id="t49" x="419.99997" y="437.49988">Expression: global_pinl == 2 or global_pinl == 1</conditioncontainer>
    <actioncontainer id="t50" x="419.99997" y="437.5">Launch App: th.in.robinhood.rider</actioncontainer>
    <conditioncontainer id="t51" x="419.99988" y="437.50003">Screen On</conditioncontainer>
    <actioncontainer id="t52" x="420.00006" y="437.49994">⏳
SLEEP ON

NOFACE</actioncontainer>
    <actioncontainer id="t53" x="420.0" y="437.50012">Launch App: th.in.robinhood.rider</actioncontainer>
    <actioncontainer id="t54" x="420.0" y="437.49994">Show Home Screen</actioncontainer>
    <actioncontainer id="t55" x="420.0" y="437.5">Set Screen Timeout: Never</actioncontainer>
    <actioncontainer id="t56" x="420.0" y="437.49994">📺
SCREEN  ON

NOFACE</actioncontainer>
    <actioncontainer id="t57" x="420.0" y="437.49994">Launch App: th.in.robinhood.rider</actioncontainer>
    <actioncontainer id="t58" x="420.0" y="437.49997">Clear PHANToM Log</actioncontainer>
    <conditioncontainer id="t59" x="420.00003" y="437.49994">App Task Running: th.in.robinhood.rider (most recent)f</conditioncontainer>
    <actioncontainer id="t60" x="420.0" y="437.4999">Launch App: th.in.robinhood.rider</actioncontainer>
    <conditioncontainer id="t61" x="420.00006" y="437.5">Expression: global_popup == 1</conditioncontainer>
    <actioncontainer id="t62" x="420.00003" y="437.50018">⏳
SLEEP ON

NOFACE</actioncontainer>
    <actioncontainer id="t63" x="420.00003" y="437.50012">📺
UNLOCK SCREEN

NOFACE</actioncontainer>
    <conditioncontainer id="t64" x="420.00006" y="437.49994">Expression: trigger == "Tile 1 Robinhood "</conditioncontainer>
    <actioncontainer id="t65" x="420.0" y="437.5">Script: if(global_popup == 1){pop = "🟢";pop1 = "ON";} else if(global_popup != 1){pop = "🔴";pop1 = "OFF";}; if(global_pinl == null){global_pinl =0}; if(global_pinl == 0){pin = "🔴";pin1 = "OFF"} else if(global_pinl == 1){pin = "🟢";pin1 = "ON - I";} else if(global_pinl == 2){pin = "🟢";pin1 = "ON - II";}; if(global_Ams != 1){ams = "🔴";ams1 = "OFF"} else if(global_Ams == 1){ams = "🟢";ams1 = "ON"}; if(global_Sn == null){global_Sn = 0}; if(global_Sn == 0){sn = "🔴"; sn1 = "OFF";} else if(global_Sn == 1){sn = "🟢"; sn1 = "ON"} else if(global_Sn == 2){sn = "🟢";sn1 = "ON - Auto"}</actioncontainer>
    <actioncontainer id="t66" x="419.9999" y="437.5001">Set Screen Timeout: 2 Minutes</actioncontainer>
    <actioncontainer id="t67" x="419.99994" y="437.49994">Set Screen Timeout: Never</actioncontainer>
    <actioncontainer id="t68" x="420.0" y="437.50003">Notification on Screen: {E_noti}</actioncontainer>
    <conditioncontainer id="t69" x="419.99994" y="437.5">Expression: index == 3 and global_Ams == 1</conditioncontainer>
    <actioncontainer id="t70" x="419.9999" y="717.50037">Transition
Animation
Scale</actioncontainer>
    <actioncontainer id="t71" x="594.99976" y="717.50037">Animator
Duration
Scale</actioncontainer>
    <notecontainer id="t72" x="420.0" y="927.5" w="210.0" h="105.0">สเกลภาพเคลื่อนไว แก้ไขได้</notecontainer>
    <actioncontainer id="t73" x="700.00006" y="437.50006">คีย์บอร์ด เมจิกที่ใช้</actioncontainer>
    <notecontainer id="t74" x="910.0" y="437.5" w="140.0" h="105.0">แก้เป็น คีย์บอร์ด แอปเมจิกที่ใช้</notecontainer>
    <notecontainer id="t75" x="-70.0" y="437.5" w="140.0" h="105.0">แก้เป็น คีย์บอร์ดที่ใช้พิมพ์</notecontainer>
    <actioncontainer id="t76" x="420.00015" y="-17.500362">กลับหน้ารับงาน</actioncontainer>
    <notecontainer id="t77" x="420.0" y="-192.5" w="140.0" h="105.0">กด กลับ หน้ารับงาน รำคาญลบออกได้</notecontainer>
    <actioncontainer id="t78" x="244.99963" y="717.5001">Window
Animation
Scale</actioncontainer>
    <actioncontainer id="t79" x="140.00015" y="437.50015">คีย์บอร์ด เดิม สำหรับพิมพ์</actioncontainer>
    <triggercontainer id="t80" x="420.00012" y="192.50009">
      <trigger>App Task Started: th.in.robinhood.rider</trigger>
      <trigger>App Task Ended: th.in.robinhood.rider</trigger>
      <trigger>PHANToM RBH Notification</trigger>
      <trigger>PHANToM RBH Focused</trigger>
      <trigger>Tile 1 Robinhood </trigger>
    </triggercontainer>
    <connection from="t1" to="t70" type="NORMAL" sourcePosition="SOUTH" targetPosition="NORTH" />
    <connection from="t2" to="t78" type="NORMAL" sourcePosition="SOUTH" targetPosition="NORTH" />
    <connection from="t3" to="t71" type="NORMAL" sourcePosition="SOUTH" targetPosition="NORTH" />
    <connection from="t4" to="t25" type="TRUE" sourcePosition="SOUTH" targetPosition="NORTH" />
    <connection from="t4" to="t15" type="FALSE" sourcePosition="NORTH" targetPosition="SOUTH" />
    <connection from="t5" to="t38" type="NORMAL" sourcePosition="WEST" targetPosition="SOUTH" />
    <connection from="t6" to="t67" type="TRUE" sourcePosition="EAST" targetPosition="WEST" />
    <connection from="t6" to="t9" type="FALSE" sourcePosition="NORTH" targetPosition="SOUTH" />
    <connection from="t7" to="t79" type="NORMAL" sourcePosition="WEST" targetPosition="EAST" />
    <connection from="t8" to="t5" type="NORMAL" sourcePosition="SOUTH" targetPosition="NORTH" />
    <connection from="t9" to="t66" type="TRUE" sourcePosition="EAST" targetPosition="WEST" />
    <connection from="t9" to="t13" type="FALSE" sourcePosition="NORTH" targetPosition="SOUTH" />
    <connection from="t10" to="t22" type="NORMAL" sourcePosition="SOUTH" targetPosition="NORTH" />
    <connection from="t11" to="t8" type="NORMAL" sourcePosition="SOUTH" targetPosition="NORTH" />
    <connection from="t11" to="t38" type="EXCEPTION" sourcePosition="SOUTH" targetPosition="NORTH" />
    <connection from="t12" to="t14" type="TRUE" sourcePosition="SOUTH" targetPosition="NORTH" />
    <connection from="t13" to="t65" type="FALSE" sourcePosition="WEST" targetPosition="EAST" />
    <connection from="t13" to="t7" type="TRUE" sourcePosition="SOUTH" targetPosition="NORTH" />
    <connection from="t14" to="t3" type="NORMAL" sourcePosition="EAST" targetPosition="NORTH" />
    <connection from="t15" to="t16" type="TRUE" sourcePosition="EAST" targetPosition="WEST" />
    <connection from="t15" to="t17" type="FALSE" sourcePosition="NORTH" targetPosition="SOUTH" />
    <connection from="t16" to="t14" type="NORMAL" sourcePosition="EAST" targetPosition="WEST" />
    <connection from="t17" to="t18" type="TRUE" sourcePosition="EAST" targetPosition="WEST" />
    <connection from="t17" to="t6" type="FALSE" sourcePosition="NORTH" targetPosition="SOUTH" />
    <connection from="t18" to="t6" type="NORMAL" sourcePosition="NORTH" targetPosition="NORTH" />
    <connection from="t20" to="t65" type="TRUE" sourcePosition="NORTH" targetPosition="WEST" />
    <connection from="t20" to="t26" type="FALSE" sourcePosition="SOUTH" targetPosition="NORTH" />
    <connection from="t21" to="t28" type="TRUE" sourcePosition="SOUTH" targetPosition="NORTH" />
    <connection from="t21" to="t29" type="FALSE" sourcePosition="WEST" targetPosition="EAST" />
    <connection from="t22" to="t24" type="NORMAL" sourcePosition="SOUTH" targetPosition="NORTH" />
    <connection from="t23" to="t69" type="NORMAL" sourcePosition="NORTH" targetPosition="SOUTH" />
    <connection from="t24" to="t26" type="TRUE" sourcePosition="SOUTH" targetPosition="NORTH" />
    <connection from="t24" to="t4" type="FALSE" sourcePosition="EAST" targetPosition="WEST" />
    <connection from="t25" to="t34" type="NORMAL" sourcePosition="SOUTH" targetPosition="NORTH" />
    <connection from="t26" to="t27" type="NORMAL" sourcePosition="SOUTH" targetPosition="NORTH" />
    <connection from="t28" to="t27" type="NORMAL" sourcePosition="EAST" targetPosition="SOUTH" />
    <connection from="t29" to="t35" type="TRUE" sourcePosition="SOUTH" targetPosition="NORTH" />
    <connection from="t29" to="t20" type="FALSE" sourcePosition="NORTH" targetPosition="SOUTH" />
    <connection from="t31" to="t33" type="TRUE" sourcePosition="SOUTH" targetPosition="NORTH" />
    <connection from="t31" to="t21" type="FALSE" sourcePosition="NORTH" targetPosition="NORTH" />
    <connection from="t32" to="t36" type="NORMAL" sourcePosition="SOUTH" targetPosition="NORTH" />
    <connection from="t33" to="t37" type="NORMAL" sourcePosition="SOUTH" targetPosition="NORTH" />
    <connection from="t34" to="t32" type="TRUE" sourcePosition="SOUTH" targetPosition="NORTH" />
    <connection from="t34" to="t31" type="FALSE" sourcePosition="EAST" targetPosition="WEST" />
    <connection from="t35" to="t27" type="NORMAL" sourcePosition="SOUTH" targetPosition="SOUTH" />
    <connection from="t36" to="t25" type="NORMAL" sourcePosition="WEST" targetPosition="SOUTH" />
    <connection from="t37" to="t30" type="NORMAL" sourcePosition="SOUTH" targetPosition="NORTH" />
    <connection from="t38" to="t79" type="TRUE" sourcePosition="WEST" targetPosition="EAST" />
    <connection from="t39" to="t44" type="EXCEPTION" sourcePosition="WEST" targetPosition="EAST" />
    <connection from="t39" to="t12" type="NORMAL" sourcePosition="SOUTH" targetPosition="NORTH" />
    <connection from="t39" to="t49" type="NORMAL" sourcePosition="SOUTH" targetPosition="NORTH" />
    <connection from="t40" to="t41" type="FALSE" sourcePosition="NORTH" targetPosition="SOUTH" />
    <connection from="t40" to="t39" type="TRUE" sourcePosition="SOUTH" targetPosition="NORTH" />
    <connection from="t41" to="t45" type="FALSE" sourcePosition="EAST" targetPosition="WEST" />
    <connection from="t41" to="t61" type="TRUE" sourcePosition="WEST" targetPosition="EAST" />
    <connection from="t42" to="t73" type="NORMAL" sourcePosition="EAST" targetPosition="WEST" />
    <connection from="t42" to="t68" type="EXCEPTION" sourcePosition="EAST" targetPosition="WEST" />
    <connection from="t43" to="t47" type="FALSE" sourcePosition="NORTH" targetPosition="SOUTH" />
    <connection from="t43" to="t55" type="TRUE" sourcePosition="NORTH" targetPosition="SOUTH" />
    <connection from="t45" to="t48" type="TRUE" sourcePosition="EAST" targetPosition="WEST" />
    <connection from="t46" to="t43" type="FALSE" sourcePosition="EAST" targetPosition="WEST" />
    <connection from="t46" to="t55" type="TRUE" sourcePosition="NORTH" targetPosition="SOUTH" />
    <connection from="t48" to="t46" type="TRUE" sourcePosition="NORTH" targetPosition="SOUTH" />
    <connection from="t49" to="t42" type="TRUE" sourcePosition="SOUTH" targetPosition="NORTH" />
    <connection from="t50" to="t60" type="NORMAL" sourcePosition="NORTH" targetPosition="SOUTH" />
    <connection from="t51" to="t56" type="FALSE" sourcePosition="NORTH" targetPosition="NORTH" />
    <connection from="t53" to="t50" type="NORMAL" sourcePosition="SOUTH" targetPosition="NORTH" />
    <connection from="t53" to="t76" type="NORMAL" sourcePosition="NORTH" targetPosition="SOUTH" />
    <connection from="t53" to="t58" type="NORMAL" sourcePosition="SOUTH" targetPosition="NORTH" />
    <connection from="t54" to="t57" type="NORMAL" sourcePosition="NORTH" targetPosition="SOUTH" />
    <connection from="t56" to="t62" type="NORMAL" sourcePosition="SOUTH" targetPosition="NORTH" />
    <connection from="t57" to="t53" type="NORMAL" sourcePosition="NORTH" targetPosition="SOUTH" />
    <connection from="t59" to="t76" type="TRUE" sourcePosition="NORTH" targetPosition="SOUTH" />
    <connection from="t59" to="t54" type="FALSE" sourcePosition="NORTH" targetPosition="SOUTH" />
    <connection from="t61" to="t59" type="TRUE" sourcePosition="NORTH" targetPosition="SOUTH" />
    <connection from="t61" to="t51" type="TRUE" sourcePosition="WEST" targetPosition="EAST" />
    <connection from="t62" to="t63" type="NORMAL" sourcePosition="SOUTH" targetPosition="NORTH" />
    <connection from="t63" to="t52" type="NORMAL" sourcePosition="SOUTH" targetPosition="NORTH" />
    <connection from="t64" to="t65" type="TRUE" sourcePosition="SOUTH" targetPosition="NORTH" />
    <connection from="t64" to="t40" type="FALSE" sourcePosition="WEST" targetPosition="EAST" />
    <connection from="t65" to="t10" type="NORMAL" sourcePosition="SOUTH" targetPosition="NORTH" />
    <connection from="t66" to="t65" type="NORMAL" sourcePosition="WEST" targetPosition="EAST" />
    <connection from="t67" to="t65" type="NORMAL" sourcePosition="WEST" targetPosition="EAST" />
    <connection from="t69" to="t6" type="TRUE" sourcePosition="WEST" targetPosition="EAST" />
    <connection from="t69" to="t19" type="TRUE" sourcePosition="SOUTH" targetPosition="NORTH" />
    <connection from="t70" to="t2" type="NORMAL" sourcePosition="NORTH" targetPosition="SOUTH" />
    <connection from="t70" to="t72" type="NOTE" sourcePosition="SOUTH" targetPosition="NORTH" />
    <connection from="t71" to="t1" type="NORMAL" sourcePosition="NORTH" targetPosition="SOUTH" />
    <connection from="t71" to="t72" type="NOTE" sourcePosition="SOUTH" targetPosition="EAST" />
    <connection from="t73" to="t11" type="NORMAL" sourcePosition="WEST" targetPosition="EAST" />
    <connection from="t73" to="t74" type="NOTE" sourcePosition="EAST" targetPosition="WEST" />
    <connection from="t76" to="t58" type="NORMAL" sourcePosition="SOUTH" targetPosition="NORTH" />
    <connection from="t76" to="t77" type="NOTE" sourcePosition="NORTH" targetPosition="SOUTH" />
    <connection from="t78" to="t23" type="NORMAL" sourcePosition="NORTH" targetPosition="SOUTH" />
    <connection from="t78" to="t72" type="NOTE" sourcePosition="SOUTH" targetPosition="WEST" />
    <connection from="t79" to="t75" type="NOTE" sourcePosition="WEST" targetPosition="EAST" />
    <connection from="t80" to="t64" type="NORMAL" sourcePosition="SOUTH" targetPosition="NORTH" />
  </flow>
</data>