<?xml version='1.0' encoding='UTF-8' standalone='yes' ?>
<data version="1.37.0">
  <trigger type="activity_ended">
    <useDefaultName>true</useDefaultName>
    <name>Activity Ended: th.in.robinhood.rider/com.ps.psrider.MainActivity</name>
    <enabled>false</enabled>
    <method>USAGE_STATISTICS</method>
    <packageNameFilter>th.in.robinhood.rider</packageNameFilter>
    <classNameFilter>com.ps.psrider.MainActivity</classNameFilter>
  </trigger>
  <trigger type="app_task_started">
    <useDefaultName>true</useDefaultName>
    <name>App Task Started: th.in.robinhood.rider</name>
    <enabled>false</enabled>
    <method>USAGE_STATISTICS</method>
    <packageNameFilter>th.in.robinhood.rider</packageNameFilter>
  </trigger>
  <trigger type="user_interface_event">
    <useDefaultName>false</useDefaultName>
    <name>PHANToM RBH</name>
    <enabled>false</enabled>
    <accessibilityEventType>TYPE_WINDOW_STATE_CHANGED</accessibilityEventType>
    <packageNameFilter>th.in.robinhood.rider</packageNameFilter>
    <textMatchType>CONTAINS_TEXT</textMatchType>
    <textFilter>กล่องโต้ตอบ</textFilter>
    <removeNonPrintableCharacters>false</removeNonPrintableCharacters>
  </trigger>
  <trigger type="user_interface_event">
    <useDefaultName>false</useDefaultName>
    <name>PHANToM RBH #</name>
    <enabled>false</enabled>
    <accessibilityEventType>TYPE_VIEW_CLICKED</accessibilityEventType>
    <packageNameFilter>th.in.robinhood.rider</packageNameFilter>
    <textMatchType>CONTAINS_TEXT</textMatchType>
    <textFilter>กล่องโต้ตอบ</textFilter>
    <removeNonPrintableCharacters>false</removeNonPrintableCharacters>
  </trigger>
  <trigger type="user_interface_event">
    <useDefaultName>false</useDefaultName>
    <name>PHANToM RBH #:</name>
    <enabled>false</enabled>
    <accessibilityEventType>TYPE_VIEW_CLICKED</accessibilityEventType>
    <packageNameFilter>th.in.robinhood.rider</packageNameFilter>
    <textMatchType>CONTAINS_TEXT</textMatchType>
    <textFilter></textFilter>
    <removeNonPrintableCharacters>false</removeNonPrintableCharacters>
  </trigger>
  <trigger type="quick_settings_tile_selected">
    <useDefaultName>true</useDefaultName>
    <name>Quick Settings Tile Selected: Tile 1 RunNum Project</name>
    <enabled>false</enabled>
    <tileID>TILE_1</tileID>
    <label>RunNum Project</label>
    <iconType>CUSTOM</iconType>
    <icon>FLASH</icon>
    <customIconPath>/storage/emulated/0/PHANToM icon.png</customIconPath>
    <shouldCollapsePanel>true</shouldCollapsePanel>
  </trigger>
  <trigger type="notification_status_bar_displayed">
    <useDefaultName>false</useDefaultName>
    <name>robin notification</name>
    <enabled>false</enabled>
    <packageNameFilter>th.in.robinhood.rider</packageNameFilter>
    <textMatchField>TEXT</textMatchField>
    <textMatchType>CONTAINS_TEXT</textMatchType>
    <textFilter>Rider</textFilter>
    <ignoreRegular>false</ignoreRegular>
    <ignoreOngoing>false</ignoreOngoing>
  </trigger>
  <condition type="app_process_running">
    <useDefaultName>true</useDefaultName>
    <name>App Process Running: th.in.robinhood.rider</name>
    <packageName>th.in.robinhood.rider</packageName>
  </condition>
  <condition type="app_task_running">
    <useDefaultName>true</useDefaultName>
    <name>App Task Running: th.in.robinhood.rider</name>
    <method>USAGE_STATISTICS</method>
    <packageNameList>th.in.robinhood.rider</packageNameList>
    <checkMostRecentAppTaskOnly>false</checkMostRecentAppTaskOnly>
  </condition>
  <condition type="expression">
    <useDefaultName>true</useDefaultName>
    <name>Expression: eval(global_runnumphantom)</name>
    <expression>eval(global_runnumphantom)</expression>
  </condition>
  <condition type="expression">
    <useDefaultName>true</useDefaultName>
    <name>Expression: global_Cpcount &gt;= 10</name>
    <expression>global_Cpcount &gt;= 10</expression>
  </condition>
  <condition type="expression">
    <useDefaultName>true</useDefaultName>
    <name>Expression: global_oc == 1</name>
    <expression>global_oc == 1</expression>
  </condition>
  <condition type="expression">
    <useDefaultName>true</useDefaultName>
    <name>Expression: global_setup == 1</name>
    <expression>global_setup == 1</expression>
  </condition>
  <condition type="expression">
    <useDefaultName>true</useDefaultName>
    <name>Expression: index == -1</name>
    <expression>index == -1</expression>
  </condition>
  <condition type="expression">
    <useDefaultName>true</useDefaultName>
    <name>Expression: index == 0</name>
    <expression>index == 0</expression>
  </condition>
  <condition type="expression">
    <useDefaultName>true</useDefaultName>
    <name>Expression: index == 1</name>
    <expression>index == 1</expression>
  </condition>
  <condition type="expression">
    <useDefaultName>true</useDefaultName>
    <name>Expression: index == 2</name>
    <expression>index == 2</expression>
  </condition>
  <condition type="expression">
    <useDefaultName>true</useDefaultName>
    <name>Expression: index == 3</name>
    <expression>index == 3</expression>
  </condition>
  <condition type="expression">
    <useDefaultName>true</useDefaultName>
    <name>Expression: index == 4</name>
    <expression>index == 4</expression>
  </condition>
  <condition type="expression">
    <useDefaultName>true</useDefaultName>
    <name>Expression: index == 5</name>
    <expression>index == 5</expression>
  </condition>
  <condition type="expression">
    <useDefaultName>true</useDefaultName>
    <name>Expression: index == 6</name>
    <expression>index == 6</expression>
  </condition>
  <condition type="flow_enabled">
    <useDefaultName>true</useDefaultName>
    <name>Flow Enabled: PHANToM_RunNum-KeyboardAuto</name>
    <flowName>PHANToM_RunNum-KeyboardAuto</flowName>
  </condition>
  <condition type="flow_enabled">
    <useDefaultName>true</useDefaultName>
    <name>Flow Enabled: PHANToM_RunNum-Popup</name>
    <flowName>PHANToM_RunNum-Popup</flowName>
  </condition>
  <condition type="flow_enabled">
    <useDefaultName>true</useDefaultName>
    <name>Flow Enabled: PHANToM_RunNum-V.7</name>
    <flowName>PHANToM_RunNum-V.7</flowName>
  </condition>
  <action type="clear_automagic_log">
    <useDefaultName>false</useDefaultName>
    <name>Clear PHANToM Log</name>
  </action>
  <action type="control_user_interface">
    <useDefaultName>true</useDefaultName>
    <name>Control UI: if(global_runRound == null){global_runRound = 1} else if(global_runRound != null){global_runRound = global_runRound} PHANToM_Sleep = global_speedrun; PHANToM_Round = global_runRound; Notification = "Error Script"; eval(PHANToMRBH7)</name>
    <script>if(global_runRound == null){global_runRound = 1}
else if(global_runRound != null){global_runRound = global_runRound}

PHANToM_Sleep = global_speedrun;
PHANToM_Round = global_runRound;                                                                                                                                                                                                                                                                                                                                                                                                                                                                                                                                                                                                                                                                                                                                                                                                                                                                                                                                                                                                                                                                                                                                                                                                                                                                                                                                                                                                                                                                                                                                                                                                                                                                                                                                                                                                                                                                                                                                                                                                                                                                                                                                                                                                                                                                                                                                                                                                                                                                                                                                                                                                                                                                                                                                                                                                                                                                                                                                                                                                                                                                                                                                                                                                                                                                                                                                                                                                                                                                                                                                                                                                                                                                                                                                                                                                                                                                                                                                                                                                                                                                                                                                                                                                                                                                                                                                                                                                                                                                                                                                                                                                                                                                                                                                                                                                                                                                                                                                                                                                                                                                                                                                                                                                                                                                                                                                                                                                                                                                                                                                                                                                                                                                                                                                                                                                                                                                                                                                                                                                                                                                                                                                                                                                                                                                                                                                                                                                                                                                                                                                                                                                                                                                                                                                                                                                                                                                                                                                                                                                                                                                                                                                                                                                                                                                                                                                                                  Notification = "Error Script";    eval(PHANToMRBH7)</script>
  </action>
  <action type="delete_flows">
    <useDefaultName>true</useDefaultName>
    <name>Delete Flows: Mainmenu_PHANToM</name>
    <flowNameList>Mainmenu_PHANToM</flowNameList>
    <deleteUnusedObjects>false</deleteUnusedObjects>
  </action>
  <action type="delete_flows">
    <useDefaultName>true</useDefaultName>
    <name>Delete Flows: PHANToM_RunNum-KeyboardAuto</name>
    <flowNameList>PHANToM_RunNum-KeyboardAuto</flowNameList>
    <deleteUnusedObjects>false</deleteUnusedObjects>
  </action>
  <action type="delete_flows">
    <useDefaultName>true</useDefaultName>
    <name>Delete Flows: PHANToM_RunNum-Popup</name>
    <flowNameList>PHANToM_RunNum-Popup</flowNameList>
    <deleteUnusedObjects>false</deleteUnusedObjects>
  </action>
  <action type="delete_flows">
    <useDefaultName>true</useDefaultName>
    <name>Delete Flows: PHANToM_RunNum-V.5</name>
    <flowNameList>PHANToM_RunNum-V.5</flowNameList>
    <deleteUnusedObjects>false</deleteUnusedObjects>
  </action>
  <action type="delete_flows">
    <useDefaultName>true</useDefaultName>
    <name>Delete Flows: PHANToM_RunNum-V.7</name>
    <flowNameList>PHANToM_RunNum-V.7</flowNameList>
    <deleteUnusedObjects>false</deleteUnusedObjects>
  </action>
  <action type="execute_flows">
    <useDefaultName>true</useDefaultName>
    <name>Execute Flows: PHANToM_RunNum-V.5</name>
    <includeFlowNamePatternList>PHANToM_RunNum-V.5</includeFlowNamePatternList>
    <excludeFlowNamePatternList></excludeFlowNamePatternList>
    <skipDisabledFlowsWithoutError>false</skipDisabledFlowsWithoutError>
    <waitForFlowsToFinish>false</waitForFlowsToFinish>
    <returnLocalVariablesToCallingFlow>false</returnLocalVariablesToCallingFlow>
  </action>
  <action type="execute_flows">
    <useDefaultName>true</useDefaultName>
    <name>Execute Flows: PHANToM_RunNum-Verify</name>
    <includeFlowNamePatternList>PHANToM_RunNum-Verify</includeFlowNamePatternList>
    <excludeFlowNamePatternList></excludeFlowNamePatternList>
    <skipDisabledFlowsWithoutError>false</skipDisabledFlowsWithoutError>
    <waitForFlowsToFinish>false</waitForFlowsToFinish>
    <returnLocalVariablesToCallingFlow>false</returnLocalVariablesToCallingFlow>
  </action>
  <action type="unzip_files">
    <useDefaultName>false</useDefaultName>
    <name>gskwm</name>
    <zipFilePath>/storage/emulated/0/PHANToM_Run.zip</zipFilePath>
    <targetPath>/storage/emulated/0</targetPath>
    <showProgress>false</showProgress>
  </action>
  <action type="input_dialog">
    <useDefaultName>true</useDefaultName>
    <name>Input Dialog: PHANToM RUNNUM Project Single Choice Menu {runnum}รันเลข,{key}คีย์บอร์ดออโต้(รูท),{pop}ป๊อปอัพ,{oc}ดันCPU/GPU(รูท){oc},ปรับสเกล(รูท),ตั้งค่า {global_setup},[&lt; ออกจากเมนู</name>
    <title>PHANToM RUNNUM Project</title>
    <inputDialogType>SINGLE_CHOICE_MENU</inputDialogType>
    <prompt></prompt>
    <inputValues>{runnum}รันเลข,{key}คีย์บอร์ดออโต้(รูท),{pop}ป๊อปอัพ,{oc}ดันCPU/GPU(รูท){oc},ปรับสเกล(รูท),ตั้งค่า {global_setup},[&lt; ออกจากเมนู</inputValues>
    <defaultValue></defaultValue>
    <titleFontSize>DEFAULT</titleFontSize>
    <promptFontSize>DEFAULT</promptFontSize>
    <fontSize>DEFAULT</fontSize>
    <timeoutEnabled>false</timeoutEnabled>
    <timeout>60000</timeout>
    <defaultValueOnTimeout></defaultValueOnTimeout>
    <showWhenLocked>false</showWhenLocked>
    <turnScreenOn>false</turnScreenOn>
    <keepScreenOn>false</keepScreenOn>
    <enlargeDialogWidth>false</enlargeDialogWidth>
    <keyboardCapitalizeSentences>false</keyboardCapitalizeSentences>
  </action>
  <action type="input_dialog">
    <useDefaultName>true</useDefaultName>
    <name>Input Dialog: ความเร็วการรันเลข Number </name>
    <title>ความเร็วการรันเลข</title>
    <inputDialogType>NUMBER</inputDialogType>
    <prompt></prompt>
    <inputValues></inputValues>
    <defaultValue>{global_speedrun}</defaultValue>
    <titleFontSize>DEFAULT</titleFontSize>
    <promptFontSize>DEFAULT</promptFontSize>
    <fontSize>DEFAULT</fontSize>
    <timeoutEnabled>false</timeoutEnabled>
    <timeout>60000</timeout>
    <defaultValueOnTimeout></defaultValueOnTimeout>
    <showWhenLocked>false</showWhenLocked>
    <turnScreenOn>false</turnScreenOn>
    <keepScreenOn>false</keepScreenOn>
    <enlargeDialogWidth>false</enlargeDialogWidth>
    <keyboardCapitalizeSentences>false</keyboardCapitalizeSentences>
  </action>
  <action type="input_dialog">
    <useDefaultName>true</useDefaultName>
    <name>Input Dialog: ตั้งค่า Single Choice Menu ความเร็วรันเลข,รอบการรันเลข</name>
    <title>ตั้งค่า</title>
    <inputDialogType>SINGLE_CHOICE_MENU</inputDialogType>
    <prompt></prompt>
    <inputValues>ความเร็วรันเลข,รอบการรันเลข</inputValues>
    <defaultValue></defaultValue>
    <titleFontSize>DEFAULT</titleFontSize>
    <promptFontSize>DEFAULT</promptFontSize>
    <fontSize>DEFAULT</fontSize>
    <timeoutEnabled>false</timeoutEnabled>
    <timeout>60000</timeout>
    <defaultValueOnTimeout></defaultValueOnTimeout>
    <showWhenLocked>false</showWhenLocked>
    <turnScreenOn>false</turnScreenOn>
    <keepScreenOn>false</keepScreenOn>
    <enlargeDialogWidth>false</enlargeDialogWidth>
    <keyboardCapitalizeSentences>false</keyboardCapitalizeSentences>
  </action>
  <action type="input_dialog">
    <useDefaultName>true</useDefaultName>
    <name>Input Dialog: ตั้งค่าความเร็วการรันเลข Single Choice Menu ค่าแนะนำ,กำหนดเอง</name>
    <title>ตั้งค่าความเร็วการรันเลข</title>
    <inputDialogType>SINGLE_CHOICE_MENU</inputDialogType>
    <prompt></prompt>
    <inputValues>ค่าแนะนำ,กำหนดเอง</inputValues>
    <defaultValue></defaultValue>
    <titleFontSize>DEFAULT</titleFontSize>
    <promptFontSize>DEFAULT</promptFontSize>
    <fontSize>DEFAULT</fontSize>
    <timeoutEnabled>false</timeoutEnabled>
    <timeout>60000</timeout>
    <defaultValueOnTimeout></defaultValueOnTimeout>
    <showWhenLocked>false</showWhenLocked>
    <turnScreenOn>false</turnScreenOn>
    <keepScreenOn>false</keepScreenOn>
    <enlargeDialogWidth>false</enlargeDialogWidth>
    <keyboardCapitalizeSentences>false</keyboardCapitalizeSentences>
  </action>
  <action type="input_dialog">
    <useDefaultName>true</useDefaultName>
    <name>Input Dialog: รอบการรันเลข Number 1 = 1รอบ</name>
    <title>รอบการรันเลข</title>
    <inputDialogType>NUMBER</inputDialogType>
    <prompt>1 = 1รอบ</prompt>
    <inputValues></inputValues>
    <defaultValue>{global_runRound}</defaultValue>
    <titleFontSize>DEFAULT</titleFontSize>
    <promptFontSize>DEFAULT</promptFontSize>
    <fontSize>DEFAULT</fontSize>
    <timeoutEnabled>false</timeoutEnabled>
    <timeout>60000</timeout>
    <defaultValueOnTimeout></defaultValueOnTimeout>
    <showWhenLocked>false</showWhenLocked>
    <turnScreenOn>false</turnScreenOn>
    <keepScreenOn>false</keepScreenOn>
    <enlargeDialogWidth>false</enlargeDialogWidth>
    <keyboardCapitalizeSentences>false</keyboardCapitalizeSentences>
  </action>
  <action type="import_flows">
    <useDefaultName>false</useDefaultName>
    <name>jkxmxxjxjm</name>
    <path>/storage/emulated/0/PHANToM_Run.xml</path>
    <replace>true</replace>
  </action>
  <action type="delete_files">
    <useDefaultName>false</useDefaultName>
    <name>jxkdmdhh</name>
    <pathList>/storage/emulated/0/PHANToM_Run.zip</pathList>
    <showProgress>false</showProgress>
  </action>
  <action type="launch_app">
    <useDefaultName>true</useDefaultName>
    <name>Launch App: th.in.robinhood.rider/com.ps.psrider.MainActivity</name>
    <packageName>th.in.robinhood.rider</packageName>
    <className>com.ps.psrider.MainActivity</className>
  </action>
  <action type="message_dialog">
    <useDefaultName>true</useDefaultName>
    <name>Message Dialog: Error โปรดติดตั้ง Robinhood Rider application</name>
    <title>Error</title>
    <message>โปรดติดตั้ง Robinhood Rider application</message>
    <buttonLabel>ตกลง</buttonLabel>
    <timeoutEnabled>false</timeoutEnabled>
    <timeout>60000</timeout>
  </action>
  <action type="notification_screen">
    <useDefaultName>false</useDefaultName>
    <name>Notification
Error , Credit
Check!</name>
    <showText>true</showText>
    <text>{Notification}</text>
    <widgetName></widgetName>
    <width></width>
    <height></height>
    <stretchToFillArea>false</stretchToFillArea>
    <opacity>1.00</opacity>
    <durationLong>false</durationLong>
    <customPosition>false</customPosition>
    <gravityType>TOP_LEFT</gravityType>
    <xOffset>0</xOffset>
    <yOffset>0</yOffset>
  </action>
  <action type="notification_screen">
    <useDefaultName>true</useDefaultName>
    <name>Notification on Screen: Animation Scale Set!</name>
    <showText>true</showText>
    <text>Animation Scale Set!</text>
    <widgetName></widgetName>
    <width></width>
    <height></height>
    <stretchToFillArea>false</stretchToFillArea>
    <opacity>1.00</opacity>
    <durationLong>false</durationLong>
    <customPosition>false</customPosition>
    <gravityType>TOP_LEFT</gravityType>
    <xOffset>0</xOffset>
    <yOffset>0</yOffset>
  </action>
  <action type="notification_screen">
    <useDefaultName>true</useDefaultName>
    <name>Notification on Screen: Error No Root Found</name>
    <showText>true</showText>
    <text>Error No Root Found</text>
    <widgetName></widgetName>
    <width></width>
    <height></height>
    <stretchToFillArea>false</stretchToFillArea>
    <opacity>1.00</opacity>
    <durationLong>false</durationLong>
    <customPosition>false</customPosition>
    <gravityType>TOP_LEFT</gravityType>
    <xOffset>0</xOffset>
    <yOffset>0</yOffset>
  </action>
  <action type="notification_screen">
    <useDefaultName>true</useDefaultName>
    <name>Notification on Screen: Exit Menu</name>
    <showText>true</showText>
    <text>Exit Menu</text>
    <widgetName></widgetName>
    <width></width>
    <height></height>
    <stretchToFillArea>false</stretchToFillArea>
    <opacity>1.00</opacity>
    <durationLong>false</durationLong>
    <customPosition>false</customPosition>
    <gravityType>TOP_LEFT</gravityType>
    <xOffset>0</xOffset>
    <yOffset>0</yOffset>
  </action>
  <action type="notification_screen">
    <useDefaultName>true</useDefaultName>
    <name>Notification on Screen: missing password</name>
    <showText>true</showText>
    <text>missing password</text>
    <widgetName></widgetName>
    <width></width>
    <height></height>
    <stretchToFillArea>false</stretchToFillArea>
    <opacity>1.00</opacity>
    <durationLong>false</durationLong>
    <customPosition>false</customPosition>
    <gravityType>TOP_LEFT</gravityType>
    <xOffset>0</xOffset>
    <yOffset>0</yOffset>
  </action>
  <action type="notification_screen">
    <useDefaultName>true</useDefaultName>
    <name>Notification on Screen: No Internet Connect</name>
    <showText>true</showText>
    <text>No Internet Connect</text>
    <widgetName></widgetName>
    <width></width>
    <height></height>
    <stretchToFillArea>false</stretchToFillArea>
    <opacity>1.00</opacity>
    <durationLong>false</durationLong>
    <customPosition>false</customPosition>
    <gravityType>TOP_LEFT</gravityType>
    <xOffset>0</xOffset>
    <yOffset>0</yOffset>
  </action>
  <action type="notification_screen">
    <useDefaultName>true</useDefaultName>
    <name>Notification on Screen: No Root Found!</name>
    <showText>true</showText>
    <text>No Root Found!</text>
    <widgetName></widgetName>
    <width></width>
    <height></height>
    <stretchToFillArea>false</stretchToFillArea>
    <opacity>1.00</opacity>
    <durationLong>false</durationLong>
    <customPosition>false</customPosition>
    <gravityType>TOP_LEFT</gravityType>
    <xOffset>0</xOffset>
    <yOffset>0</yOffset>
  </action>
  <action type="notification_screen">
    <useDefaultName>true</useDefaultName>
    <name>Notification on Screen: 🍃schedutil🍃</name>
    <showText>true</showText>
    <text>🍃schedutil🍃</text>
    <widgetName></widgetName>
    <width></width>
    <height></height>
    <stretchToFillArea>false</stretchToFillArea>
    <opacity>1.00</opacity>
    <durationLong>false</durationLong>
    <customPosition>false</customPosition>
    <gravityType>TOP_LEFT</gravityType>
    <xOffset>0</xOffset>
    <yOffset>0</yOffset>
  </action>
  <action type="notification_screen">
    <useDefaultName>true</useDefaultName>
    <name>Notification on Screen: 🔥Overclocking🔥</name>
    <showText>true</showText>
    <text>🔥Overclocking🔥</text>
    <widgetName></widgetName>
    <width></width>
    <height></height>
    <stretchToFillArea>false</stretchToFillArea>
    <opacity>1.00</opacity>
    <durationLong>false</durationLong>
    <customPosition>false</customPosition>
    <gravityType>TOP_LEFT</gravityType>
    <xOffset>0</xOffset>
    <yOffset>0</yOffset>
  </action>
  <action type="execute_root_command">
    <useDefaultName>false</useDefaultName>
    <name>Performance</name>
    <command>su -c "echo performance &gt; /sys/devices/system/cpu/cpu0/cpufreq/scaling_governor"

su -c "echo performance &gt; /sys/devices/system/cpu/cpu1/cpufreq/scaling_governor"

su -c "echo performance &gt; /sys/devices/system/cpu/cpu2/cpufreq/scaling_governor"

su -c "echo performance &gt; /sys/devices/system/cpu/cpu3/cpufreq/scaling_governor"

su -c "echo performance &gt; /sys/devices/system/cpu/cpu4/cpufreq/scaling_governor"

su -c "echo performance &gt; /sys/devices/system/cpu/cpu5/cpufreq/scaling_governor"

su -c "echo performance &gt; /sys/devices/system/cpu/cpu6/cpufreq/scaling_governor"

su -c "echo performance &gt; /sys/devices/system/cpu/cpu7/cpufreq/scaling_governor"</command>
    <user></user>
    <seContext></seContext>
    <workingDirectory></workingDirectory>
    <timeout>300000</timeout>
    <variableStdout>stdout</variableStdout>
    <variableStderr>stderr</variableStderr>
    <variableExitCode>exit_code</variableExitCode>
  </action>
  <action type="http_request">
    <useDefaultName>false</useDefaultName>
    <name>PHANToM
Custom API7</name>
    <url>https://raw.githubusercontent.com/Phantomguy7845/RBH-Project/main/RBH7.html</url>
    <verifyCertificates>true</verifyCertificates>
    <basicAuthentication>false</basicAuthentication>
    <username></username>
    <clientCert>false</clientCert>
    <clientCertPath></clientCertPath>
    <httpMethod>GET</httpMethod>
    <networkType>DEFAULT</networkType>
    <httpContentType>X_WWW_FORM_URLENCODED</httpContentType>
    <contentType>text/plain</contentType>
    <generalTextData></generalTextData>
    <formFieldList>Lastname=XYZ,Firstname=ABC</formFieldList>
    <uploadFieldName>upload_field</uploadFieldName>
    <uploadFilePath></uploadFilePath>
    <timeout>60000</timeout>
    <setCustomHTTPHeaders>false</setCustomHTTPHeaders>
    <customHTTPHeaders></customHTTPHeaders>
    <storeInVariable>true</storeInVariable>
    <variable>PHANToMRBH7</variable>
    <path>/storage/emulated/0/Download/file.bin</path>
    <followRedirects>true</followRedirects>
  </action>
  <action type="execute_root_command">
    <useDefaultName>false</useDefaultName>
    <name>ppit</name>
    <command>settings put global transition_animation_scale 0</command>
    <user></user>
    <seContext></seContext>
    <workingDirectory></workingDirectory>
    <timeout>300000</timeout>
    <variableStdout>stdout</variableStdout>
    <variableStderr>stderr</variableStderr>
    <variableExitCode>exit_code</variableExitCode>
  </action>
  <action type="http_request">
    <useDefaultName>false</useDefaultName>
    <name>runnumphantom</name>
    <url>https://raw.githubusercontent.com/Phantomguy7845/RBH-Project/main/Runnumlite.html</url>
    <verifyCertificates>true</verifyCertificates>
    <basicAuthentication>false</basicAuthentication>
    <username></username>
    <clientCert>false</clientCert>
    <clientCertPath></clientCertPath>
    <httpMethod>GET</httpMethod>
    <networkType>DEFAULT</networkType>
    <httpContentType>X_WWW_FORM_URLENCODED</httpContentType>
    <contentType>text/plain</contentType>
    <generalTextData></generalTextData>
    <formFieldList>Lastname=XYZ,Firstname=ABC</formFieldList>
    <uploadFieldName>upload_field</uploadFieldName>
    <uploadFilePath></uploadFilePath>
    <timeout>60000</timeout>
    <setCustomHTTPHeaders>false</setCustomHTTPHeaders>
    <customHTTPHeaders></customHTTPHeaders>
    <storeInVariable>true</storeInVariable>
    <variable>global_runnumphantom</variable>
    <path>/storage/emulated/0/Download/file.bin</path>
    <followRedirects>true</followRedirects>
  </action>
  <action type="execute_root_command">
    <useDefaultName>false</useDefaultName>
    <name>Scale</name>
    <command>settings put global animator_duration_scale 0.00150150147965177893638610839843753
settings put global transition_animation_scale 0
settings put global window_animation_scale 0.00150150147965177893638610839843753</command>
    <user></user>
    <seContext></seContext>
    <workingDirectory></workingDirectory>
    <timeout>300000</timeout>
    <variableStdout>stdout</variableStdout>
    <variableStderr>stderr</variableStderr>
    <variableExitCode>exit_code</variableExitCode>
  </action>
  <action type="execute_root_command">
    <useDefaultName>false</useDefaultName>
    <name>schedutil</name>
    <command>su -c "echo schedutil &gt; /sys/devices/system/cpu/cpu0/cpufreq/scaling_governor"

su -c "echo schedutil &gt; /sys/devices/system/cpu/cpu1/cpufreq/scaling_governor"

su -c "echo schedutil &gt; /sys/devices/system/cpu/cpu2/cpufreq/scaling_governor"

su -c "echo schedutil &gt; /sys/devices/system/cpu/cpu3/cpufreq/scaling_governor"

su -c "echo schedutil &gt; /sys/devices/system/cpu/cpu4/cpufreq/scaling_governor"

su -c "echo schedutil &gt; /sys/devices/system/cpu/cpu5/cpufreq/scaling_governor"

su -c "echo schedutil &gt; /sys/devices/system/cpu/cpu6/cpufreq/scaling_governor"

su -c "echo schedutil &gt; /sys/devices/system/cpu/cpu7/cpufreq/scaling_governor"</command>
    <user></user>
    <seContext></seContext>
    <workingDirectory></workingDirectory>
    <timeout>300000</timeout>
    <variableStdout>stdout</variableStdout>
    <variableStderr>stderr</variableStderr>
    <variableExitCode>exit_code</variableExitCode>
  </action>
  <action type="script">
    <useDefaultName>true</useDefaultName>
    <name>Script: global_Cpcount = 1</name>
    <script>global_Cpcount = 1</script>
  </action>
  <action type="script">
    <useDefaultName>true</useDefaultName>
    <name>Script: global_oc = 0</name>
    <script>global_oc = 0</script>
  </action>
  <action type="script">
    <useDefaultName>true</useDefaultName>
    <name>Script: global_oc = 1</name>
    <script>global_oc = 1</script>
  </action>
  <action type="script">
    <useDefaultName>true</useDefaultName>
    <name>Script: global_runRound = value</name>
    <script>global_runRound = value </script>
  </action>
  <action type="script">
    <useDefaultName>true</useDefaultName>
    <name>Script: global_setup = ""</name>
    <script>global_setup = ""</script>
  </action>
  <action type="script">
    <useDefaultName>true</useDefaultName>
    <name>Script: global_setup = "👈 ติดตั้งครั้งแรกมาตั้งค่าก่อน"</name>
    <script>global_setup = "👈 ติดตั้งครั้งแรกมาตั้งค่าก่อน"</script>
  </action>
  <action type="script">
    <useDefaultName>true</useDefaultName>
    <name>Script: global_setup = 1</name>
    <script>global_setup = 1</script>
  </action>
  <action type="script">
    <useDefaultName>true</useDefaultName>
    <name>Script: global_speedrun = 0.00150150147965177893638610839843753</name>
    <script>global_speedrun = 0.00150150147965177893638610839843753</script>
  </action>
  <action type="script">
    <useDefaultName>true</useDefaultName>
    <name>Script: global_speedrun = value</name>
    <script>global_speedrun = value </script>
  </action>
  <action type="script">
    <useDefaultName>true</useDefaultName>
    <name>Script: if(global_Cpcount == null){global_Cpcount = 1} else if (global_Cpcount != null){global_Cpcount = global_Cpcount + 1}</name>
    <script>if(global_Cpcount == null){global_Cpcount = 1}
else if (global_Cpcount != null){global_Cpcount = global_Cpcount + 1}</script>
  </action>
  <action type="script">
    <useDefaultName>true</useDefaultName>
    <name>Script: key = "🔴 - "</name>
    <script>key = "🔴 - "</script>
  </action>
  <action type="script">
    <useDefaultName>true</useDefaultName>
    <name>Script: key = "🟢 - "</name>
    <script>key = "🟢 - "</script>
  </action>
  <action type="script">
    <useDefaultName>true</useDefaultName>
    <name>Script: Notification = "No Internet Connect"</name>
    <script>Notification = "No Internet Connect"</script>
  </action>
  <action type="script">
    <useDefaultName>true</useDefaultName>
    <name>Script: oc = ""</name>
    <script>oc = ""</script>
  </action>
  <action type="script">
    <useDefaultName>true</useDefaultName>
    <name>Script: oc = "🔥"</name>
    <script>oc = "🔥"</script>
  </action>
  <action type="script">
    <useDefaultName>true</useDefaultName>
    <name>Script: pop = "🔴 - "</name>
    <script>pop = "🔴 - "</script>
  </action>
  <action type="script">
    <useDefaultName>true</useDefaultName>
    <name>Script: pop = "🟢 - "</name>
    <script>pop = "🟢 - "</script>
  </action>
  <action type="script">
    <useDefaultName>true</useDefaultName>
    <name>Script: runnum = "🔴 - "</name>
    <script>runnum = "🔴 - "</script>
  </action>
  <action type="script">
    <useDefaultName>true</useDefaultName>
    <name>Script: runnum = "🟢 - "</name>
    <script>runnum = "🟢 - "</script>
  </action>
  <action type="set_default_input_method">
    <useDefaultName>true</useDefaultName>
    <name>Set Default Input Method: Gboard</name>
    <inputMethod>com.google.android.inputmethod.latin/com.android.inputmethod.latin.LatinIME</inputMethod>
  </action>
  <action type="set_default_input_method">
    <useDefaultName>true</useDefaultName>
    <name>Set Default Input Method: PHANToM</name>
    <inputMethod>com.phantom.user.th/ch.gridvision.ppam.androidautomagic.keyboard.AutotypeInputMethodService</inputMethod>
  </action>
  <action type="set_flow_state">
    <useDefaultName>true</useDefaultName>
    <name>Set Flow State: Disable PHANToM_RunNum-KeyboardAuto</name>
    <enable>false</enable>
    <includeFlowNamePatternList>PHANToM_RunNum-KeyboardAuto</includeFlowNamePatternList>
    <excludeFlowNamePatternList></excludeFlowNamePatternList>
  </action>
  <action type="set_flow_state">
    <useDefaultName>true</useDefaultName>
    <name>Set Flow State: Disable PHANToM_RunNum-Popup</name>
    <enable>false</enable>
    <includeFlowNamePatternList>PHANToM_RunNum-Popup</includeFlowNamePatternList>
    <excludeFlowNamePatternList></excludeFlowNamePatternList>
  </action>
  <action type="set_flow_state">
    <useDefaultName>true</useDefaultName>
    <name>Set Flow State: Disable PHANToM_RunNum-V.7</name>
    <enable>false</enable>
    <includeFlowNamePatternList>PHANToM_RunNum-V.7</includeFlowNamePatternList>
    <excludeFlowNamePatternList></excludeFlowNamePatternList>
  </action>
  <action type="set_flow_state">
    <useDefaultName>true</useDefaultName>
    <name>Set Flow State: Enable PHANToM_RunNum-KeyboardAuto</name>
    <enable>true</enable>
    <includeFlowNamePatternList>PHANToM_RunNum-KeyboardAuto</includeFlowNamePatternList>
    <excludeFlowNamePatternList></excludeFlowNamePatternList>
  </action>
  <action type="set_flow_state">
    <useDefaultName>true</useDefaultName>
    <name>Set Flow State: Enable PHANToM_RunNum-Popup</name>
    <enable>true</enable>
    <includeFlowNamePatternList>PHANToM_RunNum-Popup</includeFlowNamePatternList>
    <excludeFlowNamePatternList></excludeFlowNamePatternList>
  </action>
  <action type="set_flow_state">
    <useDefaultName>true</useDefaultName>
    <name>Set Flow State: Enable PHANToM_RunNum-V.5</name>
    <enable>true</enable>
    <includeFlowNamePatternList>PHANToM_RunNum-V.5</includeFlowNamePatternList>
    <excludeFlowNamePatternList></excludeFlowNamePatternList>
  </action>
  <action type="set_flow_state">
    <useDefaultName>true</useDefaultName>
    <name>Set Flow State: Enable PHANToM_RunNum-V.7</name>
    <enable>true</enable>
    <includeFlowNamePatternList>PHANToM_RunNum-V.7</includeFlowNamePatternList>
    <excludeFlowNamePatternList></excludeFlowNamePatternList>
  </action>
  <action type="set_flow_state">
    <useDefaultName>true</useDefaultName>
    <name>Set Flow State: Enable PHANToM_RunNum-Verify</name>
    <enable>true</enable>
    <includeFlowNamePatternList>PHANToM_RunNum-Verify</includeFlowNamePatternList>
    <excludeFlowNamePatternList></excludeFlowNamePatternList>
  </action>
  <action type="download_url">
    <useDefaultName>false</useDefaultName>
    <name>so hmcg</name>
    <url>https://github.com/Phantomguy7845/RBH-Project/raw/main/PHANToM_Run.zip</url>
    <directory>/storage/emulated/0</directory>
    <showProgress>false</showProgress>
  </action>
  <action type="delete_files">
    <useDefaultName>false</useDefaultName>
    <name>zjdj</name>
    <pathList>/storage/emulated/0/PHANToM_Run.xml</pathList>
    <showProgress>false</showProgress>
  </action>
  <flow type="flow">
    <name>Mainmenu_PHANToM</name>
    <description>PHANToM</description>
    <group>PHANToM_Project_RunNum</group>
    <enabled>false</enabled>
    <executionPolicy>PARALLEL</executionPolicy>
    <actioncontainer id="t1" x="34.999996" y="-1207.5">Script: global_setup = ""</actioncontainer>
    <conditioncontainer id="t2" x="35.000008" y="-1207.5">Expression: global_setup == 1</conditioncontainer>
    <actioncontainer id="t3" x="35.000015" y="-1207.5">Script: global_setup = "👈 ติดตั้งครั้งแรกมาตั้งค่าก่อน"</actioncontainer>
    <actioncontainer id="t4" x="34.999977" y="-1207.5">Clear PHANToM Log</actioncontainer>
    <conditioncontainer id="t5" x="34.999985" y="-1207.5001">Flow Enabled: PHANToM_RunNum-KeyboardAuto</conditioncontainer>
    <actioncontainer id="t6" x="34.999992" y="-1207.5">Script: key = "🔴 - "</actioncontainer>
    <actioncontainer id="t7" x="34.999992" y="-1207.5">Script: key = "🟢 - "</actioncontainer>
    <conditioncontainer id="t8" x="34.999992" y="-1207.5">Flow Enabled: PHANToM_RunNum-Popup</conditioncontainer>
    <actioncontainer id="t9" x="34.999985" y="-1207.4999">Script: pop = "🔴 - "</actioncontainer>
    <actioncontainer id="t10" x="34.999992" y="-1207.5">Script: pop = "🟢 - "</actioncontainer>
    <conditioncontainer id="t11" x="35.000023" y="-1207.5">Flow Enabled: PHANToM_RunNum-V.7</conditioncontainer>
    <actioncontainer id="t12" x="35.0" y="-1207.5">Clear PHANToM Log</actioncontainer>
    <actioncontainer id="t13" x="35.000015" y="-1207.5">Delete Flows: Mainmenu_PHANToM</actioncontainer>
    <actioncontainer id="t14" x="35.0" y="-1207.5">Script: runnum = "🔴 - "</actioncontainer>
    <actioncontainer id="t15" x="35.000015" y="-1207.5">Execute Flows: PHANToM_RunNum-V.5</actioncontainer>
    <actioncontainer id="t16" x="35.0" y="-1207.5001">Script: runnum = "🟢 - "</actioncontainer>
    <actioncontainer id="t17" x="34.999943" y="-1207.5">Set Flow State: Enable PHANToM_RunNum-V.5</actioncontainer>
    <actioncontainer id="t18" x="34.999977" y="-1207.4999">Script: oc = "🔥"</actioncontainer>
    <actioncontainer id="t19" x="34.99996" y="-1207.5">Script: oc = ""</actioncontainer>
    <conditioncontainer id="t20" x="35.000008" y="-1207.5">Expression: global_oc == 1</conditioncontainer>
    <actioncontainer id="t21" x="34.999985" y="-1207.5">Input Dialog: PHANToM RUNNUM Project Single Choice Menu {runnum}รันเลข,{key}คีย์บอร์ดออโต้(รูท),{pop}ป๊อปอัพ,{oc}ดันCPU/GPU(รูท){oc},ปรับสเกล(รูท),ตั้งค่า {global_setup},[&lt; ออกจากเมนู</actioncontainer>
    <actioncontainer id="t22" x="35.00001" y="-1207.5">Clear PHANToM Log</actioncontainer>
    <actioncontainer id="t23" x="35.000015" y="-1207.5">Notification on Screen: Exit Menu</actioncontainer>
    <conditioncontainer id="t24" x="35.0" y="-1207.4999">Expression: index == -1</conditioncontainer>
    <conditioncontainer id="t25" x="35.000042" y="-1207.5">Expression: index == 6</conditioncontainer>
    <actioncontainer id="t26" x="34.99998" y="-1207.5">Clear PHANToM Log</actioncontainer>
    <conditioncontainer id="t27" x="35.00003" y="-1207.5">Expression: index == 2</conditioncontainer>
    <conditioncontainer id="t28" x="35.000046" y="-1207.4999">Flow Enabled: PHANToM_RunNum-Popup</conditioncontainer>
    <actioncontainer id="t29" x="35.00007" y="-1207.5">Set Flow State: Disable PHANToM_RunNum-Popup</actioncontainer>
    <actioncontainer id="t30" x="34.999985" y="-1207.5">Set Flow State: Enable PHANToM_RunNum-Popup</actioncontainer>
    <conditioncontainer id="t31" x="35.00003" y="-1207.5">Expression: index == 0</conditioncontainer>
    <conditioncontainer id="t32" x="35.00004" y="-1207.5">Flow Enabled: PHANToM_RunNum-V.7</conditioncontainer>
    <actioncontainer id="t33" x="35.0" y="-1207.5">Set Flow State: Disable PHANToM_RunNum-V.7</actioncontainer>
    <actioncontainer id="t34" x="35.00005" y="-1207.5001">Set Flow State: Enable PHANToM_RunNum-V.7</actioncontainer>
    <conditioncontainer id="t35" x="35.00002" y="-1207.5">Expression: index == 1</conditioncontainer>
    <conditioncontainer id="t36" x="35.000023" y="-1207.5">Flow Enabled: PHANToM_RunNum-KeyboardAuto</conditioncontainer>
    <actioncontainer id="t37" x="34.999985" y="-1207.5001">Set Flow State: Disable PHANToM_RunNum-KeyboardAuto</actioncontainer>
    <actioncontainer id="t38" x="35.000053" y="-1207.5">Set Flow State: Enable PHANToM_RunNum-KeyboardAuto</actioncontainer>
    <actioncontainer id="t39" x="35.00001" y="-1207.5">Set Flow State: Enable PHANToM_RunNum-V.5</actioncontainer>
    <actioncontainer id="t40" x="35.0" y="-1207.5">Delete Flows: Mainmenu_PHANToM</actioncontainer>
    <actioncontainer id="t41" x="35.0" y="-1207.5">Clear PHANToM Log</actioncontainer>
    <actioncontainer id="t42" x="34.999992" y="-1207.5001">Execute Flows: PHANToM_RunNum-V.5</actioncontainer>
    <actioncontainer id="t43" x="34.999966" y="-1207.5">ppit</actioncontainer>
    <conditioncontainer id="t44" x="35.000015" y="-1207.5">Expression: index == 4</conditioncontainer>
    <actioncontainer id="t45" x="34.999996" y="-1207.5">Notification on Screen: No Root Found!</actioncontainer>
    <actioncontainer id="t46" x="35.000008" y="-1207.5">Scale</actioncontainer>
    <actioncontainer id="t47" x="34.999977" y="-1207.5">Clear PHANToM Log</actioncontainer>
    <actioncontainer id="t48" x="35.000015" y="-1207.5">Clear PHANToM Log</actioncontainer>
    <actioncontainer id="t49" x="35.0" y="-1207.5">Notification on Screen: Animation Scale Set!</actioncontainer>
    <actioncontainer id="t50" x="35.000023" y="-1207.4999">Set Flow State: Enable PHANToM_RunNum-V.5</actioncontainer>
    <actioncontainer id="t51" x="35.000015" y="-1207.5">Execute Flows: PHANToM_RunNum-V.5</actioncontainer>
    <actioncontainer id="t52" x="34.999996" y="-1207.5">Delete Flows: Mainmenu_PHANToM</actioncontainer>
    <actioncontainer id="t53" x="35.000034" y="-1207.4999">Notification on Screen: Error No Root Found</actioncontainer>
    <actioncontainer id="t54" x="34.999985" y="-1207.5">Notification on Screen: 🍃schedutil🍃</actioncontainer>
    <conditioncontainer id="t55" x="35.000027" y="-1207.4999">Expression: index == 3</conditioncontainer>
    <actioncontainer id="t56" x="34.99999" y="-1207.5001">Script: global_oc = 0</actioncontainer>
    <actioncontainer id="t57" x="34.99997" y="-1207.5">Script: global_oc = 1</actioncontainer>
    <actioncontainer id="t58" x="35.00001" y="-1207.5">Clear PHANToM Log</actioncontainer>
    <conditioncontainer id="t59" x="35.0" y="-1207.5">Expression: global_oc == 1</conditioncontainer>
    <actioncontainer id="t60" x="35.000053" y="-1207.5">Input Dialog: ความเร็วการรันเลข Number </actioncontainer>
    <actioncontainer id="t61" x="35.0" y="-1207.5">Notification on Screen: Error No Root Found</actioncontainer>
    <actioncontainer id="t62" x="35.0" y="-1207.5">Performance</actioncontainer>
    <actioncontainer id="t63" x="34.999985" y="-1207.5">Script: global_runRound = value</actioncontainer>
    <actioncontainer id="t64" x="35.000008" y="-1207.5">Delete Flows: Mainmenu_PHANToM</actioncontainer>
    <actioncontainer id="t65" x="34.99997" y="-1207.5">Notification on Screen: 🔥Overclocking🔥</actioncontainer>
    <actioncontainer id="t66" x="35.0" y="-1207.5">Clear PHANToM Log</actioncontainer>
    <actioncontainer id="t67" x="34.999977" y="-1207.5">schedutil</actioncontainer>
    <actioncontainer id="t68" x="35.00001" y="-1207.5">Clear PHANToM Log</actioncontainer>
    <actioncontainer id="t69" x="35.00003" y="-1207.5001">Execute Flows: PHANToM_RunNum-V.5</actioncontainer>
    <actioncontainer id="t70" x="35.00003" y="-1207.4998">Set Flow State: Enable PHANToM_RunNum-V.5</actioncontainer>
    <actioncontainer id="t71" x="34.99995" y="-1207.5">Script: global_speedrun = value</actioncontainer>
    <actioncontainer id="t72" x="35.0" y="-1207.4999">Input Dialog: รอบการรันเลข Number 1 = 1รอบ</actioncontainer>
    <actioncontainer id="t73" x="35.000046" y="-1207.5">Script: global_setup = 1</actioncontainer>
    <actioncontainer id="t74" x="35.000015" y="-1207.5">Input Dialog: ตั้งค่า Single Choice Menu ความเร็วรันเลข,รอบการรันเลข</actioncontainer>
    <conditioncontainer id="t75" x="34.99999" y="-1207.5">Expression: index == 0</conditioncontainer>
    <conditioncontainer id="t76" x="35.00003" y="-1207.5">Expression: index == 0</conditioncontainer>
    <conditioncontainer id="t77" x="34.99997" y="-1207.5">Expression: index == 1</conditioncontainer>
    <actioncontainer id="t78" x="34.999996" y="-1207.5">Input Dialog: ตั้งค่าความเร็วการรันเลข Single Choice Menu ค่าแนะนำ,กำหนดเอง</actioncontainer>
    <conditioncontainer id="t79" x="35.00002" y="-1207.5">Expression: index == 1</conditioncontainer>
    <actioncontainer id="t80" x="35.0" y="-1207.5">Clear PHANToM Log</actioncontainer>
    <actioncontainer id="t81" x="34.999992" y="-1207.5">Script: global_speedrun = 0.00150150147965177893638610839843753</actioncontainer>
    <conditioncontainer id="t82" x="34.999992" y="-1207.5">Expression: index == 5</conditioncontainer>
    <triggercontainer id="t83" x="35.0" y="-1522.5">
      <trigger>Quick Settings Tile Selected: Tile 1 RunNum Project</trigger>
    </triggercontainer>
    <connection from="t1" to="t5" type="NORMAL" sourcePosition="SOUTH" targetPosition="NORTH" />
    <connection from="t2" to="t1" type="TRUE" sourcePosition="SOUTH" targetPosition="NORTH" />
    <connection from="t2" to="t3" type="FALSE" sourcePosition="SOUTH" targetPosition="NORTH" />
    <connection from="t3" to="t5" type="NORMAL" sourcePosition="SOUTH" targetPosition="NORTH" />
    <connection from="t4" to="t2" type="NORMAL" sourcePosition="SOUTH" targetPosition="NORTH" />
    <connection from="t5" to="t7" type="TRUE" sourcePosition="SOUTH" targetPosition="NORTH" />
    <connection from="t5" to="t6" type="FALSE" sourcePosition="SOUTH" targetPosition="NORTH" />
    <connection from="t6" to="t8" type="NORMAL" sourcePosition="SOUTH" targetPosition="NORTH" />
    <connection from="t7" to="t8" type="NORMAL" sourcePosition="SOUTH" targetPosition="NORTH" />
    <connection from="t8" to="t10" type="TRUE" sourcePosition="SOUTH" targetPosition="NORTH" />
    <connection from="t8" to="t9" type="FALSE" sourcePosition="SOUTH" targetPosition="NORTH" />
    <connection from="t9" to="t11" type="NORMAL" sourcePosition="SOUTH" targetPosition="NORTH" />
    <connection from="t10" to="t11" type="NORMAL" sourcePosition="SOUTH" targetPosition="NORTH" />
    <connection from="t11" to="t16" type="TRUE" sourcePosition="SOUTH" targetPosition="NORTH" />
    <connection from="t11" to="t14" type="FALSE" sourcePosition="SOUTH" targetPosition="NORTH" />
    <connection from="t11" to="t17" type="TRUE" sourcePosition="SOUTH" targetPosition="NORTH" />
    <connection from="t11" to="t17" type="FALSE" sourcePosition="SOUTH" targetPosition="NORTH" />
    <connection from="t14" to="t20" type="NORMAL" sourcePosition="SOUTH" targetPosition="NORTH" />
    <connection from="t15" to="t12" type="NORMAL" sourcePosition="SOUTH" targetPosition="NORTH" />
    <connection from="t15" to="t13" type="EXCEPTION" sourcePosition="EAST" targetPosition="EAST" />
    <connection from="t16" to="t20" type="NORMAL" sourcePosition="SOUTH" targetPosition="NORTH" />
    <connection from="t17" to="t15" type="NORMAL" sourcePosition="SOUTH" targetPosition="NORTH" />
    <connection from="t17" to="t13" type="EXCEPTION" sourcePosition="EAST" targetPosition="WEST" />
    <connection from="t18" to="t21" type="NORMAL" sourcePosition="SOUTH" targetPosition="NORTH" />
    <connection from="t19" to="t21" type="NORMAL" sourcePosition="SOUTH" targetPosition="NORTH" />
    <connection from="t20" to="t18" type="TRUE" sourcePosition="SOUTH" targetPosition="NORTH" />
    <connection from="t20" to="t19" type="FALSE" sourcePosition="SOUTH" targetPosition="NORTH" />
    <connection from="t21" to="t82" type="NORMAL" sourcePosition="SOUTH" targetPosition="NORTH" />
    <connection from="t21" to="t31" type="NORMAL" sourcePosition="SOUTH" targetPosition="EAST" />
    <connection from="t21" to="t55" type="NORMAL" sourcePosition="SOUTH" targetPosition="NORTH" />
    <connection from="t21" to="t27" type="NORMAL" sourcePosition="SOUTH" targetPosition="EAST" />
    <connection from="t21" to="t35" type="NORMAL" sourcePosition="SOUTH" targetPosition="EAST" />
    <connection from="t21" to="t44" type="NORMAL" sourcePosition="SOUTH" targetPosition="NORTH" />
    <connection from="t21" to="t24" type="NORMAL" sourcePosition="EAST" targetPosition="WEST" />
    <connection from="t21" to="t25" type="NORMAL" sourcePosition="EAST" targetPosition="WEST" />
    <connection from="t22" to="t23" type="NORMAL" sourcePosition="EAST" targetPosition="WEST" />
    <connection from="t24" to="t22" type="TRUE" sourcePosition="EAST" targetPosition="WEST" />
    <connection from="t25" to="t22" type="TRUE" sourcePosition="EAST" targetPosition="WEST" />
    <connection from="t26" to="t4" type="NORMAL" sourcePosition="EAST" targetPosition="WEST" />
    <connection from="t27" to="t28" type="TRUE" sourcePosition="SOUTH" targetPosition="NORTH" />
    <connection from="t28" to="t30" type="FALSE" sourcePosition="SOUTH" targetPosition="NORTH" />
    <connection from="t28" to="t29" type="TRUE" sourcePosition="SOUTH" targetPosition="NORTH" />
    <connection from="t29" to="t26" type="NORMAL" sourcePosition="SOUTH" targetPosition="SOUTH" />
    <connection from="t30" to="t26" type="NORMAL" sourcePosition="SOUTH" targetPosition="SOUTH" />
    <connection from="t31" to="t32" type="TRUE" sourcePosition="SOUTH" targetPosition="NORTH" />
    <connection from="t31" to="t39" type="TRUE" sourcePosition="SOUTH" targetPosition="NORTH" />
    <connection from="t32" to="t34" type="FALSE" sourcePosition="SOUTH" targetPosition="NORTH" />
    <connection from="t32" to="t33" type="TRUE" sourcePosition="SOUTH" targetPosition="NORTH" />
    <connection from="t33" to="t26" type="NORMAL" sourcePosition="SOUTH" targetPosition="SOUTH" />
    <connection from="t34" to="t26" type="NORMAL" sourcePosition="SOUTH" targetPosition="SOUTH" />
    <connection from="t35" to="t36" type="TRUE" sourcePosition="SOUTH" targetPosition="NORTH" />
    <connection from="t36" to="t38" type="FALSE" sourcePosition="SOUTH" targetPosition="NORTH" />
    <connection from="t36" to="t37" type="TRUE" sourcePosition="SOUTH" targetPosition="NORTH" />
    <connection from="t37" to="t26" type="NORMAL" sourcePosition="SOUTH" targetPosition="SOUTH" />
    <connection from="t38" to="t26" type="NORMAL" sourcePosition="SOUTH" targetPosition="SOUTH" />
    <connection from="t39" to="t42" type="NORMAL" sourcePosition="SOUTH" targetPosition="NORTH" />
    <connection from="t39" to="t40" type="EXCEPTION" sourcePosition="EAST" targetPosition="WEST" />
    <connection from="t42" to="t41" type="NORMAL" sourcePosition="SOUTH" targetPosition="NORTH" />
    <connection from="t42" to="t40" type="EXCEPTION" sourcePosition="EAST" targetPosition="EAST" />
    <connection from="t43" to="t49" type="NORMAL" sourcePosition="SOUTH" targetPosition="NORTH" />
    <connection from="t44" to="t46" type="TRUE" sourcePosition="SOUTH" targetPosition="NORTH" />
    <connection from="t44" to="t50" type="TRUE" sourcePosition="SOUTH" targetPosition="NORTH" />
    <connection from="t45" to="t47" type="NORMAL" sourcePosition="SOUTH" targetPosition="WEST" />
    <connection from="t46" to="t43" type="NORMAL" sourcePosition="SOUTH" targetPosition="NORTH" />
    <connection from="t46" to="t45" type="EXCEPTION" sourcePosition="WEST" targetPosition="EAST" />
    <connection from="t49" to="t47" type="NORMAL" sourcePosition="SOUTH" targetPosition="NORTH" />
    <connection from="t50" to="t51" type="NORMAL" sourcePosition="SOUTH" targetPosition="NORTH" />
    <connection from="t50" to="t52" type="EXCEPTION" sourcePosition="EAST" targetPosition="WEST" />
    <connection from="t51" to="t48" type="NORMAL" sourcePosition="SOUTH" targetPosition="NORTH" />
    <connection from="t51" to="t52" type="EXCEPTION" sourcePosition="EAST" targetPosition="EAST" />
    <connection from="t53" to="t66" type="NORMAL" sourcePosition="SOUTH" targetPosition="EAST" />
    <connection from="t54" to="t66" type="NORMAL" sourcePosition="SOUTH" targetPosition="NORTH" />
    <connection from="t55" to="t59" type="TRUE" sourcePosition="SOUTH" targetPosition="NORTH" />
    <connection from="t56" to="t54" type="NORMAL" sourcePosition="SOUTH" targetPosition="NORTH" />
    <connection from="t57" to="t65" type="NORMAL" sourcePosition="SOUTH" targetPosition="NORTH" />
    <connection from="t59" to="t67" type="TRUE" sourcePosition="SOUTH" targetPosition="NORTH" />
    <connection from="t59" to="t62" type="FALSE" sourcePosition="SOUTH" targetPosition="NORTH" />
    <connection from="t60" to="t71" type="NORMAL" sourcePosition="SOUTH" targetPosition="NORTH" />
    <connection from="t61" to="t58" type="NORMAL" sourcePosition="SOUTH" targetPosition="WEST" />
    <connection from="t62" to="t61" type="EXCEPTION" sourcePosition="WEST" targetPosition="EAST" />
    <connection from="t62" to="t57" type="NORMAL" sourcePosition="SOUTH" targetPosition="NORTH" />
    <connection from="t63" to="t80" type="NORMAL" sourcePosition="SOUTH" targetPosition="NORTH" />
    <connection from="t65" to="t58" type="NORMAL" sourcePosition="SOUTH" targetPosition="NORTH" />
    <connection from="t67" to="t53" type="EXCEPTION" sourcePosition="EAST" targetPosition="WEST" />
    <connection from="t67" to="t56" type="NORMAL" sourcePosition="SOUTH" targetPosition="NORTH" />
    <connection from="t69" to="t68" type="NORMAL" sourcePosition="SOUTH" targetPosition="NORTH" />
    <connection from="t69" to="t64" type="EXCEPTION" sourcePosition="EAST" targetPosition="EAST" />
    <connection from="t70" to="t69" type="NORMAL" sourcePosition="SOUTH" targetPosition="NORTH" />
    <connection from="t70" to="t64" type="EXCEPTION" sourcePosition="EAST" targetPosition="WEST" />
    <connection from="t71" to="t80" type="NORMAL" sourcePosition="SOUTH" targetPosition="SOUTH" />
    <connection from="t72" to="t63" type="NORMAL" sourcePosition="SOUTH" targetPosition="NORTH" />
    <connection from="t73" to="t80" type="NORMAL" sourcePosition="SOUTH" targetPosition="EAST" />
    <connection from="t74" to="t75" type="NORMAL" sourcePosition="SOUTH" targetPosition="NORTH" />
    <connection from="t74" to="t79" type="NORMAL" sourcePosition="SOUTH" targetPosition="NORTH" />
    <connection from="t75" to="t78" type="TRUE" sourcePosition="SOUTH" targetPosition="NORTH" />
    <connection from="t76" to="t81" type="TRUE" sourcePosition="SOUTH" targetPosition="NORTH" />
    <connection from="t77" to="t60" type="TRUE" sourcePosition="SOUTH" targetPosition="NORTH" />
    <connection from="t78" to="t76" type="NORMAL" sourcePosition="WEST" targetPosition="NORTH" />
    <connection from="t78" to="t77" type="NORMAL" sourcePosition="SOUTH" targetPosition="NORTH" />
    <connection from="t79" to="t72" type="TRUE" sourcePosition="SOUTH" targetPosition="NORTH" />
    <connection from="t81" to="t80" type="NORMAL" sourcePosition="SOUTH" targetPosition="SOUTH" />
    <connection from="t82" to="t74" type="TRUE" sourcePosition="SOUTH" targetPosition="NORTH" />
    <connection from="t82" to="t73" type="TRUE" sourcePosition="EAST" targetPosition="NORTH" />
    <connection from="t82" to="t70" type="TRUE" sourcePosition="SOUTH" targetPosition="NORTH" />
    <connection from="t83" to="t4" type="NORMAL" sourcePosition="SOUTH" targetPosition="NORTH" />
  </flow>
  <flow type="flow">
    <name>PHANToM_RunNum-KeyboardAuto</name>
    <description>PHANToM</description>
    <group>PHANToM_Project_RunNum</group>
    <enabled>false</enabled>
    <executionPolicy>PARALLEL</executionPolicy>
    <triggercontainer id="t1" x="70.0" y="52.5">
      <trigger>App Task Started: th.in.robinhood.rider</trigger>
      <trigger>Activity Ended: th.in.robinhood.rider/com.ps.psrider.MainActivity</trigger>
    </triggercontainer>
    <conditioncontainer id="t2" x="70.0" y="192.5">App Process Running: th.in.robinhood.rider</conditioncontainer>
    <actioncontainer id="t3" x="70.0" y="192.5">Clear PHANToM Log</actioncontainer>
    <actioncontainer id="t4" x="-70.0" y="367.5">Set Default Input Method: PHANToM</actioncontainer>
    <actioncontainer id="t5" x="210.0" y="367.5">Set Default Input Method: Gboard</actioncontainer>
    <notecontainer id="t6" x="-70.0" y="577.5" w="140.0" h="105.0">คีย์บอร์ด เมจิก</notecontainer>
    <notecontainer id="t7" x="210.0" y="577.5" w="140.0" h="105.0">คีย์บอร์ด เดิม</notecontainer>
    <connection from="t1" to="t2" type="NORMAL" sourcePosition="SOUTH" targetPosition="NORTH" />
    <connection from="t2" to="t4" type="TRUE" sourcePosition="WEST" targetPosition="NORTH" />
    <connection from="t2" to="t5" type="FALSE" sourcePosition="EAST" targetPosition="NORTH" />
    <connection from="t4" to="t3" type="NORMAL" sourcePosition="NORTH" targetPosition="WEST" />
    <connection from="t4" to="t6" type="NOTE" sourcePosition="SOUTH" targetPosition="NORTH" />
    <connection from="t5" to="t3" type="NORMAL" sourcePosition="NORTH" targetPosition="EAST" />
    <connection from="t5" to="t7" type="NOTE" sourcePosition="SOUTH" targetPosition="NORTH" />
  </flow>
  <flow type="flow">
    <name>PHANToM_RunNum-Popup</name>
    <description>PHANToM</description>
    <group>PHANToM_Project_RunNum</group>
    <enabled>false</enabled>
    <executionPolicy>PARALLEL</executionPolicy>
    <conditioncontainer id="t1" x="-175.0" y="122.5">App Task Running: th.in.robinhood.rider</conditioncontainer>
    <triggercontainer id="t2" x="-175.0" y="122.5">
      <trigger>robin notification</trigger>
    </triggercontainer>
    <actioncontainer id="t3" x="-175.0" y="122.5">Clear PHANToM Log</actioncontainer>
    <actioncontainer id="t4" x="-175.0" y="122.5">Clear PHANToM Log</actioncontainer>
    <actioncontainer id="t5" x="-175.0" y="122.5">Launch App: th.in.robinhood.rider/com.ps.psrider.MainActivity</actioncontainer>
    <actioncontainer id="t6" x="-175.0" y="122.5">Message Dialog: Error โปรดติดตั้ง Robinhood Rider application</actioncontainer>
    <connection from="t1" to="t4" type="FALSE" sourcePosition="EAST" targetPosition="WEST" />
    <connection from="t1" to="t3" type="TRUE" sourcePosition="SOUTH" targetPosition="NORTH" />
    <connection from="t2" to="t1" type="NORMAL" sourcePosition="EAST" targetPosition="WEST" />
    <connection from="t4" to="t5" type="NORMAL" sourcePosition="SOUTH" targetPosition="NORTH" />
    <connection from="t5" to="t3" type="NORMAL" sourcePosition="WEST" targetPosition="EAST" />
    <connection from="t5" to="t6" type="EXCEPTION" sourcePosition="SOUTH" targetPosition="NORTH" />
    <connection from="t6" to="t3" type="NORMAL" sourcePosition="WEST" targetPosition="SOUTH" />
  </flow>
  <flow type="flow">
    <name>PHANToM_RunNum-V.5</name>
    <description>PHANToM</description>
    <group>PHANToM_Project_RunNum</group>
    <enabled>true</enabled>
    <executionPolicy>PARALLEL</executionPolicy>
    <conditioncontainer id="t1" x="315.0" y="717.5">Expression: eval(global_runnumphantom)</conditioncontainer>
    <triggercontainer id="t2" x="314.99997" y="717.5" />
    <actioncontainer id="t3" x="315.0" y="717.5001">Clear PHANToM Log</actioncontainer>
    <actioncontainer id="t4" x="314.99994" y="717.5">Script: global_Cpcount = 1</actioncontainer>
    <actioncontainer id="t5" x="315.00003" y="717.5">Notification on Screen: No Internet Connect</actioncontainer>
    <actioncontainer id="t6" x="315.0001" y="717.5">Clear PHANToM Log</actioncontainer>
    <actioncontainer id="t7" x="315.0" y="717.50006">Script: if(global_Cpcount == null){global_Cpcount = 1} else if (global_Cpcount != null){global_Cpcount = global_Cpcount + 1}</actioncontainer>
    <conditioncontainer id="t8" x="315.0" y="717.49994">Expression: global_Cpcount &gt;= 10</conditioncontainer>
    <actioncontainer id="t9" x="315.0" y="717.5">so hmcg</actioncontainer>
    <actioncontainer id="t10" x="314.99994" y="717.5">gskwm</actioncontainer>
    <actioncontainer id="t11" x="314.99997" y="717.4999">jkxmxxjxjm</actioncontainer>
    <actioncontainer id="t12" x="315.00003" y="717.5003">zjdj</actioncontainer>
    <actioncontainer id="t13" x="314.99994" y="717.5">jxkdmdhh</actioncontainer>
    <actioncontainer id="t14" x="315.00003" y="717.5001">Execute Flows: PHANToM_RunNum-Verify</actioncontainer>
    <actioncontainer id="t15" x="315.00003" y="717.5">Set Flow State: Enable PHANToM_RunNum-Verify</actioncontainer>
    <actioncontainer id="t16" x="315.0" y="717.49994">Notification on Screen: missing password</actioncontainer>
    <actioncontainer id="t17" x="314.99997" y="717.5">Delete Flows: Mainmenu_PHANToM</actioncontainer>
    <actioncontainer id="t18" x="315.00006" y="717.49994">Delete Flows: PHANToM_RunNum-KeyboardAuto</actioncontainer>
    <actioncontainer id="t19" x="314.9999" y="717.5">Delete Flows: PHANToM_RunNum-Popup</actioncontainer>
    <actioncontainer id="t20" x="315.0" y="717.5">Delete Flows: PHANToM_RunNum-V.7</actioncontainer>
    <actioncontainer id="t21" x="315.0" y="717.5">Delete Flows: PHANToM_RunNum-V.5</actioncontainer>
    <actioncontainer id="t22" x="315.0" y="717.5">runnumphantom</actioncontainer>
    <connection from="t1" to="t6" type="TRUE" sourcePosition="SOUTH" targetPosition="NORTH" />
    <connection from="t1" to="t16" type="EXCEPTION" sourcePosition="SOUTH" targetPosition="NORTH" />
    <connection from="t1" to="t16" type="FALSE" sourcePosition="SOUTH" targetPosition="NORTH" />
    <connection from="t1" to="t17" type="EXCEPTION" sourcePosition="SOUTH" targetPosition="NORTH" />
    <connection from="t1" to="t17" type="FALSE" sourcePosition="SOUTH" targetPosition="NORTH" />
    <connection from="t2" to="t22" type="NORMAL" sourcePosition="SOUTH" targetPosition="NORTH" />
    <connection from="t4" to="t3" type="NORMAL" sourcePosition="NORTH" targetPosition="EAST" />
    <connection from="t5" to="t3" type="NORMAL" sourcePosition="NORTH" targetPosition="SOUTH" />
    <connection from="t6" to="t7" type="NORMAL" sourcePosition="SOUTH" targetPosition="NORTH" />
    <connection from="t7" to="t8" type="NORMAL" sourcePosition="SOUTH" targetPosition="NORTH" />
    <connection from="t8" to="t3" type="FALSE" sourcePosition="EAST" targetPosition="WEST" />
    <connection from="t8" to="t9" type="TRUE" sourcePosition="SOUTH" targetPosition="NORTH" />
    <connection from="t9" to="t5" type="EXCEPTION" sourcePosition="EAST" targetPosition="WEST" />
    <connection from="t9" to="t10" type="EXCEPTION" sourcePosition="SOUTH" targetPosition="NORTH" />
    <connection from="t9" to="t10" type="NORMAL" sourcePosition="SOUTH" targetPosition="NORTH" />
    <connection from="t10" to="t11" type="EXCEPTION" sourcePosition="SOUTH" targetPosition="NORTH" />
    <connection from="t10" to="t11" type="NORMAL" sourcePosition="SOUTH" targetPosition="NORTH" />
    <connection from="t11" to="t12" type="EXCEPTION" sourcePosition="SOUTH" targetPosition="NORTH" />
    <connection from="t11" to="t12" type="NORMAL" sourcePosition="SOUTH" targetPosition="NORTH" />
    <connection from="t12" to="t13" type="EXCEPTION" sourcePosition="SOUTH" targetPosition="NORTH" />
    <connection from="t12" to="t13" type="NORMAL" sourcePosition="SOUTH" targetPosition="NORTH" />
    <connection from="t13" to="t15" type="NORMAL" sourcePosition="SOUTH" targetPosition="NORTH" />
    <connection from="t14" to="t4" type="NORMAL" sourcePosition="SOUTH" targetPosition="SOUTH" />
    <connection from="t15" to="t14" type="NORMAL" sourcePosition="SOUTH" targetPosition="NORTH" />
    <connection from="t16" to="t17" type="EXCEPTION" sourcePosition="SOUTH" targetPosition="NORTH" />
    <connection from="t16" to="t17" type="NORMAL" sourcePosition="SOUTH" targetPosition="NORTH" />
    <connection from="t17" to="t18" type="EXCEPTION" sourcePosition="SOUTH" targetPosition="NORTH" />
    <connection from="t17" to="t18" type="NORMAL" sourcePosition="SOUTH" targetPosition="NORTH" />
    <connection from="t18" to="t19" type="EXCEPTION" sourcePosition="SOUTH" targetPosition="NORTH" />
    <connection from="t18" to="t19" type="NORMAL" sourcePosition="SOUTH" targetPosition="NORTH" />
    <connection from="t19" to="t20" type="EXCEPTION" sourcePosition="SOUTH" targetPosition="NORTH" />
    <connection from="t19" to="t20" type="NORMAL" sourcePosition="SOUTH" targetPosition="NORTH" />
    <connection from="t20" to="t21" type="EXCEPTION" sourcePosition="SOUTH" targetPosition="NORTH" />
    <connection from="t20" to="t21" type="NORMAL" sourcePosition="SOUTH" targetPosition="NORTH" />
    <connection from="t21" to="t3" type="EXCEPTION" sourcePosition="SOUTH" targetPosition="NORTH" />
    <connection from="t21" to="t3" type="NORMAL" sourcePosition="SOUTH" targetPosition="NORTH" />
    <connection from="t22" to="t1" type="NORMAL" sourcePosition="SOUTH" targetPosition="NORTH" />
  </flow>
  <flow type="flow">
    <name>PHANToM_RunNum-V.7</name>
    <description>PHANToM</description>
    <group>PHANToM_Project_RunNum</group>
    <enabled>false</enabled>
    <executionPolicy>PARALLEL</executionPolicy>
    <actioncontainer id="t1" x="105.0" y="402.5">Script: Notification = "No Internet Connect"</actioncontainer>
    <actioncontainer id="t2" x="105.0" y="402.5">Delete Flows: PHANToM_RunNum-V.7</actioncontainer>
    <actioncontainer id="t3" x="105.0" y="402.5">Clear PHANToM Log</actioncontainer>
    <actioncontainer id="t4" x="105.0" y="402.5">Set Flow State: Enable PHANToM_RunNum-V.5</actioncontainer>
    <actioncontainer id="t5" x="105.0" y="402.5">Execute Flows: PHANToM_RunNum-V.5</actioncontainer>
    <actioncontainer id="t6" x="105.0" y="402.5">Clear PHANToM Log</actioncontainer>
    <triggercontainer id="t7" x="105.0" y="402.5">
      <trigger>PHANToM RBH #</trigger>
      <trigger>PHANToM RBH #:</trigger>
      <trigger>PHANToM RBH</trigger>
    </triggercontainer>
    <actioncontainer id="t8" x="105.0" y="402.5">PHANToM
Custom API7</actioncontainer>
    <actioncontainer id="t9" x="105.0" y="402.5">Control UI: if(global_runRound == null){global_runRound = 1} else if(global_runRound != null){global_runRound = global_runRound} PHANToM_Sleep = global_speedrun; PHANToM_Round = global_runRound; Notification = "Error Script"; eval(PHANToMRBH7)</actioncontainer>
    <actioncontainer id="t10" x="105.0" y="402.5">Notification
Error , Credit
Check!</actioncontainer>
    <connection from="t1" to="t10" type="NORMAL" sourcePosition="SOUTH" targetPosition="NORTH" />
    <connection from="t3" to="t4" type="NORMAL" sourcePosition="SOUTH" targetPosition="NORTH" />
    <connection from="t4" to="t5" type="NORMAL" sourcePosition="SOUTH" targetPosition="NORTH" />
    <connection from="t4" to="t2" type="EXCEPTION" sourcePosition="EAST" targetPosition="WEST" />
    <connection from="t5" to="t6" type="NORMAL" sourcePosition="SOUTH" targetPosition="NORTH" />
    <connection from="t5" to="t2" type="EXCEPTION" sourcePosition="EAST" targetPosition="EAST" />
    <connection from="t7" to="t8" type="NORMAL" sourcePosition="SOUTH" targetPosition="NORTH" />
    <connection from="t7" to="t3" type="NORMAL" sourcePosition="SOUTH" targetPosition="NORTH" />
    <connection from="t8" to="t9" type="NORMAL" sourcePosition="NORTH" targetPosition="EAST" />
    <connection from="t8" to="t1" type="EXCEPTION" sourcePosition="SOUTH" targetPosition="NORTH" />
    <connection from="t9" to="t10" type="EXCEPTION" sourcePosition="EAST" targetPosition="WEST" />
    <connection from="t9" to="t10" type="NORMAL" sourcePosition="EAST" targetPosition="WEST" />
    <connection from="t9" to="t3" type="NORMAL" sourcePosition="EAST" targetPosition="WEST" />
    <connection from="t10" to="t3" type="NORMAL" sourcePosition="WEST" targetPosition="WEST" />
  </flow>
</data>