<?xml version='1.0' encoding='UTF-8' standalone='yes' ?>
<data version="1.37.0">
  <condition type="flow_enabled">
    <useDefaultName>true</useDefaultName>
    <name>Flow Enabled: Mainmenu_PHANToM</name>
    <flowName>Mainmenu_PHANToM</flowName>
  </condition>
  <condition type="flow_enabled">
    <useDefaultName>true</useDefaultName>
    <name>Flow Enabled: PHANToM_RunNum-KeyboardAuto</name>
    <flowName>PHANToM_RunNum-KeyboardAuto</flowName>
  </condition>
  <condition type="flow_enabled">
    <useDefaultName>true</useDefaultName>
    <name>Flow Enabled: PHANToM_RunNum-Popup</name>
    <flowName>PHANToM_RunNum-Popup</flowName>
  </condition>
  <condition type="flow_enabled">
    <useDefaultName>true</useDefaultName>
    <name>Flow Enabled: PHANToM_RunNum-V.5</name>
    <flowName>PHANToM_RunNum-V.5</flowName>
  </condition>
  <condition type="flow_enabled">
    <useDefaultName>true</useDefaultName>
    <name>Flow Enabled: PHANToM_RunNum-V.7</name>
    <flowName>PHANToM_RunNum-V.7</flowName>
  </condition>
  <condition type="flow_enabled">
    <useDefaultName>true</useDefaultName>
    <name>Flow Enabled: PHANToM_RunNum-Verify</name>
    <flowName>PHANToM_RunNum-Verify</flowName>
  </condition>
  <action type="clear_automagic_log">
    <useDefaultName>false</useDefaultName>
    <name>Clear PHANToM Log</name>
  </action>
  <action type="delete_flows">
    <useDefaultName>true</useDefaultName>
    <name>Delete Flows: Mainmenu_PHANToM</name>
    <flowNameList>Mainmenu_PHANToM</flowNameList>
    <deleteUnusedObjects>false</deleteUnusedObjects>
  </action>
  <action type="delete_flows">
    <useDefaultName>true</useDefaultName>
    <name>Delete Flows: PHANToM_RunNum-KeyboardAuto</name>
    <flowNameList>PHANToM_RunNum-KeyboardAuto</flowNameList>
    <deleteUnusedObjects>false</deleteUnusedObjects>
  </action>
  <action type="delete_flows">
    <useDefaultName>true</useDefaultName>
    <name>Delete Flows: PHANToM_RunNum-Popup</name>
    <flowNameList>PHANToM_RunNum-Popup</flowNameList>
    <deleteUnusedObjects>false</deleteUnusedObjects>
  </action>
  <action type="delete_flows">
    <useDefaultName>true</useDefaultName>
    <name>Delete Flows: PHANToM_RunNum-V.5</name>
    <flowNameList>PHANToM_RunNum-V.5</flowNameList>
    <deleteUnusedObjects>false</deleteUnusedObjects>
  </action>
  <action type="delete_flows">
    <useDefaultName>true</useDefaultName>
    <name>Delete Flows: PHANToM_RunNum-V.7</name>
    <flowNameList>PHANToM_RunNum-V.7</flowNameList>
    <deleteUnusedObjects>false</deleteUnusedObjects>
  </action>
  <flow type="flow">
    <name>PHANToM_RunNum-Verify</name>
    <description>PHANToM</description>
    <group>PHANToM_Project_RunNum</group>
    <enabled>false</enabled>
    <executionPolicy>PARALLEL</executionPolicy>
    <actioncontainer id="t1" x="210.0" y="577.50006">Delete Flows: Mainmenu_PHANToM</actioncontainer>
    <actioncontainer id="t2" x="350.0001" y="892.49994">Delete Flows: PHANToM_RunNum-KeyboardAuto</actioncontainer>
    <actioncontainer id="t3" x="209.99998" y="647.5">Delete Flows: PHANToM_RunNum-Popup</actioncontainer>
    <actioncontainer id="t4" x="210.0" y="682.5">Delete Flows: PHANToM_RunNum-V.7</actioncontainer>
    <actioncontainer id="t5" x="210.0" y="682.5">Delete Flows: PHANToM_RunNum-V.5</actioncontainer>
    <conditioncontainer id="t6" x="244.99998" y="752.5">Flow Enabled: PHANToM_RunNum-V.5</conditioncontainer>
    <conditioncontainer id="t7" x="420.0" y="682.5">Flow Enabled: PHANToM_RunNum-Popup</conditioncontainer>
    <conditioncontainer id="t8" x="385.0" y="857.5">Flow Enabled: PHANToM_RunNum-V.7</conditioncontainer>
    <conditioncontainer id="t9" x="315.0" y="717.5">Flow Enabled: PHANToM_RunNum-Verify</conditioncontainer>
    <actioncontainer id="t10" x="315.0" y="647.5">Clear PHANToM Log</actioncontainer>
    <conditioncontainer id="t11" x="244.99997" y="647.5">Flow Enabled: Mainmenu_PHANToM</conditioncontainer>
    <conditioncontainer id="t12" x="350.0" y="752.5">Flow Enabled: PHANToM_RunNum-KeyboardAuto</conditioncontainer>
    <triggercontainer id="t13" x="280.0" y="822.5" />
    <connection from="t1" to="t2" type="EXCEPTION" sourcePosition="SOUTH" targetPosition="NORTH" />
    <connection from="t1" to="t2" type="NORMAL" sourcePosition="SOUTH" targetPosition="NORTH" />
    <connection from="t2" to="t3" type="EXCEPTION" sourcePosition="SOUTH" targetPosition="NORTH" />
    <connection from="t2" to="t3" type="NORMAL" sourcePosition="SOUTH" targetPosition="NORTH" />
    <connection from="t3" to="t4" type="EXCEPTION" sourcePosition="SOUTH" targetPosition="NORTH" />
    <connection from="t3" to="t4" type="NORMAL" sourcePosition="SOUTH" targetPosition="NORTH" />
    <connection from="t4" to="t5" type="EXCEPTION" sourcePosition="SOUTH" targetPosition="NORTH" />
    <connection from="t4" to="t5" type="NORMAL" sourcePosition="SOUTH" targetPosition="NORTH" />
    <connection from="t5" to="t10" type="EXCEPTION" sourcePosition="SOUTH" targetPosition="NORTH" />
    <connection from="t5" to="t10" type="NORMAL" sourcePosition="SOUTH" targetPosition="NORTH" />
    <connection from="t6" to="t8" type="TRUE" sourcePosition="SOUTH" targetPosition="NORTH" />
    <connection from="t6" to="t8" type="FALSE" sourcePosition="SOUTH" targetPosition="NORTH" />
    <connection from="t6" to="t1" type="EXCEPTION" sourcePosition="EAST" targetPosition="NORTH" />
    <connection from="t7" to="t6" type="TRUE" sourcePosition="SOUTH" targetPosition="NORTH" />
    <connection from="t7" to="t6" type="FALSE" sourcePosition="SOUTH" targetPosition="NORTH" />
    <connection from="t7" to="t1" type="EXCEPTION" sourcePosition="EAST" targetPosition="NORTH" />
    <connection from="t8" to="t9" type="TRUE" sourcePosition="SOUTH" targetPosition="NORTH" />
    <connection from="t8" to="t9" type="FALSE" sourcePosition="SOUTH" targetPosition="NORTH" />
    <connection from="t8" to="t1" type="EXCEPTION" sourcePosition="SOUTH" targetPosition="NORTH" />
    <connection from="t9" to="t1" type="EXCEPTION" sourcePosition="SOUTH" targetPosition="WEST" />
    <connection from="t9" to="t10" type="TRUE" sourcePosition="SOUTH" targetPosition="NORTH" />
    <connection from="t9" to="t10" type="FALSE" sourcePosition="SOUTH" targetPosition="NORTH" />
    <connection from="t11" to="t12" type="TRUE" sourcePosition="SOUTH" targetPosition="NORTH" />
    <connection from="t11" to="t12" type="FALSE" sourcePosition="SOUTH" targetPosition="NORTH" />
    <connection from="t11" to="t1" type="EXCEPTION" sourcePosition="EAST" targetPosition="NORTH" />
    <connection from="t12" to="t7" type="TRUE" sourcePosition="SOUTH" targetPosition="NORTH" />
    <connection from="t12" to="t7" type="FALSE" sourcePosition="SOUTH" targetPosition="NORTH" />
    <connection from="t12" to="t1" type="EXCEPTION" sourcePosition="EAST" targetPosition="NORTH" />
    <connection from="t13" to="t11" type="NORMAL" sourcePosition="SOUTH" targetPosition="NORTH" />
  </flow>
</data>