<?xml version='1.0' encoding='UTF-8' standalone='yes' ?>
<data version="1.37.0">
  <condition type="flow_enabled">
    <useDefaultName>true</useDefaultName>
    <name>Flow Enabled: PHANToM IX Lite III</name>
    <flowName>PHANToM IX Lite III</flowName>
  </condition>
  <action type="clear_automagic_log">
    <useDefaultName>false</useDefaultName>
    <name>Clear PHANToM Log</name>
  </action>
  <action type="control_user_interface">
    <useDefaultName>true</useDefaultName>
    <name>Control UI: global_PHANToMKeyslog = "Imposter"</name>
    <script>global_PHANToMKeyslog = "Imposter"</script>
  </action>
  <action type="delete_flows">
    <useDefaultName>true</useDefaultName>
    <name>Delete Flows: PHANToM IX Lite Verify</name>
    <flowNameList>PHANToM IX Lite Verify</flowNameList>
    <deleteUnusedObjects>false</deleteUnusedObjects>
  </action>
  <action type="script">
    <useDefaultName>true</useDefaultName>
    <name>Script: global_verify_P = 0; if(global_epr &gt;= 4){global_epr = 4};</name>
    <script>global_verify_P = 0;
if(global_epr &gt;= 4){global_epr = 4};</script>
  </action>
  <flow type="flow">
    <name>PHANToM IX Lite Verify</name>
    <description>PHANToM</description>
    <group>PHANToM IX Lite</group>
    <enabled>false</enabled>
    <executionPolicy>PARALLEL</executionPolicy>
    <triggercontainer id="t1" x="70.0" y="52.5" />
    <conditioncontainer id="t2" x="70.0" y="332.5">Flow Enabled: PHANToM IX Lite III</conditioncontainer>
    <actioncontainer id="t3" x="70.0" y="472.5">Clear PHANToM Log</actioncontainer>
    <actioncontainer id="t4" x="70.0" y="577.5">Script: global_verify_P = 0; if(global_epr &gt;= 4){global_epr = 4};</actioncontainer>
    <actioncontainer id="t5" x="70.0" y="682.5">Clear PHANToM Log</actioncontainer>
    <actioncontainer id="t6" x="70.0" y="787.5">Delete Flows: PHANToM IX Lite Verify</actioncontainer>
    <actioncontainer id="t7" x="245.0" y="332.5">Control UI: global_PHANToMKeyslog = "Imposter"</actioncontainer>
    <connection from="t1" to="t2" type="NORMAL" sourcePosition="SOUTH" targetPosition="NORTH" />
    <connection from="t2" to="t3" type="TRUE" sourcePosition="SOUTH" targetPosition="NORTH" />
    <connection from="t2" to="t3" type="FALSE" sourcePosition="SOUTH" targetPosition="NORTH" />
    <connection from="t2" to="t7" type="EXCEPTION" sourcePosition="EAST" targetPosition="WEST" />
    <connection from="t3" to="t4" type="NORMAL" sourcePosition="SOUTH" targetPosition="NORTH" />
    <connection from="t4" to="t5" type="NORMAL" sourcePosition="SOUTH" targetPosition="NORTH" />
    <connection from="t5" to="t6" type="NORMAL" sourcePosition="SOUTH" targetPosition="NORTH" />
  </flow>
</data>